{
  "__inputs": [
    {
      "name": "DS_PROMETHEUS",
      "label": "prometheus",
      "description": "",
      "type": "datasource",
      "pluginId": "prometheus",
      "pluginName": "Prometheus"
    }
  ],
  "__elements": {},
  "__requires": [
    {
      "type": "grafana",
      "id": "grafana",
      "name": "Grafana",
      "version": "10.3.3"
    },
    {
      "type": "datasource",
      "id": "prometheus",
      "name": "Prometheus",
      "version": "1.0.0"
    },
    {
      "type": "panel",
      "id": "stat",
      "name": "Stat",
      "version": ""
    },
    {
      "type": "panel",
      "id": "timeseries",
      "name": "Time series",
      "version": ""
    }
  ],
  "annotations": {
    "list": [
      {
        "builtIn": 1,
        "datasource": {
          "type": "grafana",
          "uid": "-- Grafana --"
        },
        "enable": true,
        "hide": true,
        "iconColor": "rgba(0, 211, 255, 1)",
        "name": "Annotations & Alerts",
        "type": "dashboard"
      }
    ]
  },
  "description": "This dashboard visualises the metrics of the APK Config Deployer - both Ballerina and JVM metrics are visualised in this dashboard.",
  "editable": true,
  "fiscalYearStartMonth": 0,
  "graphTooltip": 0,
  "id": null,
  "links": [],
  "liveNow": false,
  "panels": [
    {
      "datasource": {
        "type": "prometheus",
        "uid": "$datasource"
      },
      "fieldConfig": {
        "defaults": {
          "color": {
            "mode": "thresholds"
          },
          "mappings": [
            {
              "options": {
                "0": {
                  "text": "DOWN"
                },
                "1": {
                  "text": "UP"
                }
              },
              "type": "value"
            },
            {
              "options": {
                "match": "null",
                "result": {
                  "text": "DOWN"
                }
              },
              "type": "special"
            }
          ],
          "thresholds": {
            "mode": "absolute",
            "steps": [
              {
                "color": "#d44a3a",
                "value": null
              },
              {
                "color": "#e24d42",
                "value": 0
              },
              {
                "color": "#299c46",
                "value": 1
              }
            ]
          },
          "unit": "none",
          "unitScale": true
        },
        "overrides": []
      },
      "gridPos": {
        "h": 5,
        "w": 6,
        "x": 3,
        "y": 0
      },
      "hideTimeOverride": false,
      "id": 22,
      "links": [],
      "maxDataPoints": 100,
      "options": {
        "colorMode": "value",
        "graphMode": "none",
        "justifyMode": "auto",
        "orientation": "horizontal",
        "reduceOptions": {
          "calcs": [
            "lastNotNull"
          ],
          "fields": "",
          "values": false
        },
        "showPercentChange": false,
        "textMode": "auto",
        "wideLayout": true
      },
      "pluginVersion": "10.3.3",
      "targets": [
        {
          "datasource": {
            "uid": "$datasource"
          },
          "editorMode": "code",
          "expr": "up{instance=\"$instance\", job=~\"^${job}.*\"}",
          "format": "time_series",
          "instant": true,
          "intervalFactor": 1,
          "refId": "A"
        }
      ],
      "title": "Status",
      "type": "stat"
    },
    {
      "datasource": {
        "type": "prometheus",
        "uid": "$datasource"
      },
      "fieldConfig": {
        "defaults": {
          "color": {
            "mode": "thresholds"
          },
          "decimals": 0,
          "mappings": [
            {
              "options": {
                "match": "null",
                "result": {
                  "text": "N/A"
                }
              },
              "type": "special"
            }
          ],
          "thresholds": {
            "mode": "absolute",
            "steps": [
              {
                "color": "green",
                "value": null
              }
            ]
          },
          "unit": "s",
          "unitScale": true
        },
        "overrides": []
      },
      "gridPos": {
        "h": 5,
        "w": 6,
        "x": 9,
        "y": 0
      },
      "id": 23,
      "links": [],
      "maxDataPoints": 100,
      "options": {
        "colorMode": "none",
        "graphMode": "none",
        "justifyMode": "auto",
        "orientation": "horizontal",
        "reduceOptions": {
          "calcs": [
            "lastNotNull"
          ],
          "fields": "",
          "values": false
        },
        "showPercentChange": false,
        "textMode": "auto",
        "wideLayout": true
      },
      "pluginVersion": "10.3.3",
      "targets": [
        {
          "datasource": {
            "uid": "$datasource"
          },
          "editorMode": "code",
          "expr": "time() - process_start_time_seconds{instance=\"$instance\", job=~\"^${job}.*\"}",
          "format": "time_series",
          "instant": true,
          "intervalFactor": 1,
          "refId": "A"
        }
      ],
      "title": "Uptime",
      "type": "stat"
    },
    {
      "datasource": {
        "type": "prometheus",
        "uid": "$datasource"
      },
      "fieldConfig": {
        "defaults": {
          "color": {
            "mode": "thresholds"
          },
          "mappings": [
            {
              "options": {
                "match": "null",
                "result": {
                  "text": "N/A"
                }
              },
              "type": "special"
            }
          ],
          "thresholds": {
            "mode": "absolute",
            "steps": [
              {
                "color": "#299c46",
                "value": null
              }
            ]
          },
          "unit": "dateTimeAsIso",
          "unitScale": true
        },
        "overrides": []
      },
      "gridPos": {
        "h": 5,
        "w": 6,
        "x": 15,
        "y": 0
      },
      "id": 24,
      "interval": "",
      "links": [],
      "maxDataPoints": 100,
      "options": {
        "colorMode": "none",
        "graphMode": "none",
        "justifyMode": "auto",
        "orientation": "horizontal",
        "reduceOptions": {
          "calcs": [
            "lastNotNull"
          ],
          "fields": "",
          "values": false
        },
        "showPercentChange": false,
        "textMode": "auto",
        "wideLayout": true
      },
      "pluginVersion": "10.3.3",
      "targets": [
        {
          "datasource": {
            "uid": "$datasource"
          },
          "editorMode": "code",
          "expr": "process_start_time_seconds{instance=\"$instance\", job=~\"^${job}.*\"}*1000",
          "format": "time_series",
          "instant": true,
          "intervalFactor": 1,
          "refId": "A"
        }
      ],
      "title": "Start Time",
      "type": "stat"
    },
    {
      "gridPos": {
        "h": 1,
        "w": 24,
        "x": 0,
        "y": 5
      },
      "id": 112,
      "title": "IDP DS Ballerina Metrics",
      "type": "row"
    },
    {
      "datasource": {
        "type": "prometheus",
        "uid": "${DS_PROMETHEUS}"
      },
      "fieldConfig": {
        "defaults": {
          "color": {
            "fixedColor": "rgb(31, 120, 193)",
            "mode": "fixed"
          },
          "mappings": [
            {
              "options": {
                "match": "null",
                "result": {
                  "text": "0"
                }
              },
              "type": "special"
            }
          ],
          "thresholds": {
            "mode": "absolute",
            "steps": [
              {
                "color": "green",
                "value": null
              },
              {
                "color": "red",
                "value": 80
              }
            ]
          },
          "unit": "none",
          "unitScale": true
        },
        "overrides": []
      },
      "gridPos": {
        "h": 4,
        "w": 6,
        "x": 6,
        "y": 6
      },
      "id": 103,
      "links": [],
      "maxDataPoints": 100,
      "options": {
        "colorMode": "none",
        "graphMode": "none",
        "justifyMode": "auto",
        "orientation": "horizontal",
        "reduceOptions": {
          "calcs": [
            "lastNotNull"
          ],
          "fields": "",
          "values": false
        },
        "showPercentChange": false,
        "textMode": "auto",
        "wideLayout": true
      },
      "pluginVersion": "10.3.3",
      "targets": [
        {
          "datasource": {
            "type": "prometheus",
            "uid": "${DS_PROMETHEUS}"
          },
          "editorMode": "code",
          "expr": "sum(max_over_time(requests_total_value{instance=~\"$bal_instance\"}[1m])-min_over_time(requests_total_value{instance=~\"$bal_instance\"}[1m]))",
          "format": "time_series",
          "hide": false,
          "interval": "",
          "intervalFactor": 1,
          "legendFormat": "",
          "range": true,
          "refId": "A"
        }
      ],
      "title": "Requests / min",
      "type": "stat"
    },
    {
      "datasource": {
        "type": "prometheus",
        "uid": "${DS_PROMETHEUS}"
      },
      "fieldConfig": {
        "defaults": {
          "color": {
            "fixedColor": "rgb(31, 120, 193)",
            "mode": "fixed"
          },
          "mappings": [
            {
              "options": {
                "match": "null",
                "result": {
                  "text": "0"
                }
              },
              "type": "special"
            }
          ],
          "thresholds": {
            "mode": "absolute",
            "steps": [
              {
                "color": "green",
                "value": null
              },
              {
                "color": "red",
                "value": 80
              }
            ]
          },
          "unit": "none",
          "unitScale": true
        },
        "overrides": []
      },
      "gridPos": {
        "h": 4,
        "w": 6,
        "x": 12,
        "y": 6
      },
      "id": 120,
      "links": [],
      "maxDataPoints": 100,
      "options": {
        "colorMode": "none",
        "graphMode": "area",
        "justifyMode": "auto",
        "orientation": "horizontal",
        "reduceOptions": {
          "calcs": [
            "lastNotNull"
          ],
          "fields": "",
          "values": false
        },
        "showPercentChange": false,
        "textMode": "auto",
        "wideLayout": true
      },
      "pluginVersion": "10.3.3",
      "targets": [
        {
          "datasource": {
            "type": "prometheus",
            "uid": "${DS_PROMETHEUS}"
          },
          "editorMode": "code",
          "expr": "((sum(max_over_time(requests_total_value{instance=~\"$bal_instance\",src_object_name=\"ballerina/http/Caller\",http_status_code_group=\"4xx\"}[1m])-min_over_time(requests_total_value{instance=~\"$bal_instance\",src_object_name=\"ballerina/http/Caller\",http_status_code_group=\"4xx\"}[1m]))) OR vector(0))+((sum(max_over_time(requests_total_value{instance=~\"$bal_instance\",src_object_name=\"ballerina/http/Caller\",http_status_code_group=\"5xx\"}[1m])-min_over_time(requests_total_value{instance=~\"$bal_instance\",src_object_name=\"ballerina/http/Caller\",http_status_code_group=\"5xx\"}[1m]))) OR vector(0))",
          "format": "time_series",
          "hide": false,
          "instant": false,
          "interval": "",
          "intervalFactor": 1,
          "legendFormat": "",
          "refId": "A"
        }
      ],
      "title": "Errors /  min",
      "type": "stat"
    },
    {
      "datasource": {
        "type": "prometheus",
        "uid": "${DS_PROMETHEUS}"
      },
      "description": "",
      "fieldConfig": {
        "defaults": {
          "color": {
            "mode": "palette-classic"
          },
          "custom": {
            "axisBorderShow": false,
            "axisCenteredZero": false,
            "axisColorMode": "text",
            "axisLabel": "Requests / sec",
            "axisPlacement": "auto",
            "barAlignment": 0,
            "drawStyle": "line",
            "fillOpacity": 10,
            "gradientMode": "none",
            "hideFrom": {
              "legend": false,
              "tooltip": false,
              "viz": false
            },
            "insertNulls": false,
            "lineInterpolation": "linear",
            "lineWidth": 1,
            "pointSize": 5,
            "scaleDistribution": {
              "type": "linear"
            },
            "showPoints": "never",
            "spanNulls": false,
            "stacking": {
              "group": "A",
              "mode": "none"
            },
            "thresholdsStyle": {
              "mode": "off"
            }
          },
          "mappings": [],
          "thresholds": {
            "mode": "absolute",
            "steps": [
              {
                "color": "green",
                "value": null
              },
              {
                "color": "red",
                "value": 80
              }
            ]
          },
          "unit": "ops",
          "unitScale": true
        },
        "overrides": []
      },
      "gridPos": {
        "h": 9,
        "w": 12,
        "x": 0,
        "y": 10
      },
      "id": 122,
      "links": [],
      "options": {
        "legend": {
          "calcs": [],
          "displayMode": "table",
          "placement": "bottom",
          "showLegend": true
        },
        "tooltip": {
          "mode": "multi",
          "sort": "none"
        }
      },
      "pluginVersion": "10.3.3",
      "targets": [
        {
          "datasource": {
            "type": "prometheus",
            "uid": "${DS_PROMETHEUS}"
          },
          "editorMode": "code",
          "expr": "sum without (http_status_code_group)(rate(requests_total_value{instance=~\"$bal_instance\",src_object_name=\"ballerina/http/Caller\"}[1m]))",
          "format": "time_series",
          "hide": false,
          "instant": false,
          "interval": "",
          "intervalFactor": 1,
          "legendFormat": "Instance: {{instance}}, Protocol: {{protocol}}, Method: {{http_method}}, URL: {{http_url}}",
          "refId": "A"
        }
      ],
      "title": "Throughput",
      "type": "timeseries"
    },
    {
      "datasource": {
        "type": "prometheus",
        "uid": "${DS_PROMETHEUS}"
      },
      "description": "",
      "fieldConfig": {
        "defaults": {
          "color": {
            "mode": "palette-classic"
          },
          "custom": {
            "axisBorderShow": false,
            "axisCenteredZero": false,
            "axisColorMode": "text",
            "axisLabel": "Response Time",
            "axisPlacement": "auto",
            "barAlignment": 0,
            "drawStyle": "line",
            "fillOpacity": 10,
            "gradientMode": "none",
            "hideFrom": {
              "legend": false,
              "tooltip": false,
              "viz": false
            },
            "insertNulls": false,
            "lineInterpolation": "linear",
            "lineWidth": 1,
            "pointSize": 5,
            "scaleDistribution": {
              "type": "linear"
            },
            "showPoints": "never",
            "spanNulls": false,
            "stacking": {
              "group": "A",
              "mode": "none"
            },
            "thresholdsStyle": {
              "mode": "off"
            }
          },
          "mappings": [],
          "thresholds": {
            "mode": "absolute",
            "steps": [
              {
                "color": "green",
                "value": null
              },
              {
                "color": "red",
                "value": 80
              }
            ]
          },
          "unit": "s",
          "unitScale": true
        },
        "overrides": []
      },
      "gridPos": {
        "h": 9,
        "w": 12,
        "x": 12,
        "y": 10
      },
      "id": 123,
      "links": [],
      "options": {
        "legend": {
          "calcs": [],
          "displayMode": "table",
          "placement": "bottom",
          "showLegend": true
        },
        "tooltip": {
          "mode": "multi",
          "sort": "none"
        }
      },
      "pluginVersion": "10.3.3",
      "targets": [
        {
          "datasource": {
            "type": "prometheus",
            "uid": "${DS_PROMETHEUS}"
          },
          "editorMode": "code",
          "expr": "avg(response_time_seconds{instance=~\"$bal_instance\"}) by (http_url)",
          "format": "time_series",
          "hide": false,
          "interval": "",
          "intervalFactor": 1,
          "legendFormat": "Instance: {{instance}}, Protocol: {{protocol}}, Method: {{http_method}}, URL: {{http_url}}, Quantile: {{quantile}}",
          "range": true,
          "refId": "A"
        }
      ],
      "title": "Response Time Percentiles",
      "type": "timeseries"
    },
    {
      "datasource": {
        "type": "prometheus",
        "uid": "${DS_PROMETHEUS}"
      },
      "fieldConfig": {
        "defaults": {
          "color": {
            "mode": "palette-classic"
          },
          "custom": {
            "axisBorderShow": false,
            "axisCenteredZero": false,
            "axisColorMode": "text",
            "axisLabel": "Requests / sec",
            "axisPlacement": "auto",
            "barAlignment": 0,
            "drawStyle": "line",
            "fillOpacity": 10,
            "gradientMode": "none",
            "hideFrom": {
              "legend": false,
              "tooltip": false,
              "viz": false
            },
            "insertNulls": false,
            "lineInterpolation": "linear",
            "lineWidth": 1,
            "pointSize": 5,
            "scaleDistribution": {
              "type": "linear"
            },
            "showPoints": "never",
            "spanNulls": false,
            "stacking": {
              "group": "A",
              "mode": "none"
            },
            "thresholdsStyle": {
              "mode": "off"
            }
          },
          "mappings": [],
          "thresholds": {
            "mode": "absolute",
            "steps": [
              {
                "color": "green",
                "value": null
              },
              {
                "color": "red",
                "value": 80
              }
            ]
          },
          "unit": "short",
          "unitScale": true
        },
        "overrides": [
          {
            "matcher": {
              "id": "byName",
              "options": "1xx Informational responses"
            },
            "properties": [
              {
                "id": "color",
                "value": {
                  "fixedColor": "#5195ce",
                  "mode": "fixed"
                }
              }
            ]
          },
          {
            "matcher": {
              "id": "byName",
              "options": "2xx Successful responses"
            },
            "properties": [
              {
                "id": "color",
                "value": {
                  "fixedColor": "#7eb26d",
                  "mode": "fixed"
                }
              }
            ]
          },
          {
            "matcher": {
              "id": "byName",
              "options": "3xx Redirections"
            },
            "properties": [
              {
                "id": "color",
                "value": {
                  "fixedColor": "#962d82",
                  "mode": "fixed"
                }
              }
            ]
          },
          {
            "matcher": {
              "id": "byName",
              "options": "4xx Client errors"
            },
            "properties": [
              {
                "id": "color",
                "value": {
                  "fixedColor": "#e0752d",
                  "mode": "fixed"
                }
              }
            ]
          },
          {
            "matcher": {
              "id": "byName",
              "options": "5xx Server errors"
            },
            "properties": [
              {
                "id": "color",
                "value": {
                  "fixedColor": "#bf1b00",
                  "mode": "fixed"
                }
              }
            ]
          }
        ]
      },
      "gridPos": {
        "h": 9,
        "w": 12,
        "x": 7,
        "y": 19
      },
      "id": 124,
      "links": [],
      "options": {
        "legend": {
          "calcs": [],
          "displayMode": "list",
          "placement": "bottom",
          "showLegend": true
        },
        "tooltip": {
          "mode": "multi",
          "sort": "none"
        }
      },
      "pluginVersion": "10.3.3",
      "targets": [
        {
          "datasource": {
            "type": "prometheus",
            "uid": "${DS_PROMETHEUS}"
          },
          "editorMode": "code",
          "expr": "rate(requests_total_value{instance=~\"$bal_instance\", src_function_name=\"respond\",src_object_name=\"ballerina/http/Caller\",http_status_code_group=\"1xx\"}[1m])",
          "format": "time_series",
          "interval": "",
          "intervalFactor": 1,
          "legendFormat": "1xx Informational responses - Instance: {{instance}}",
          "range": true,
          "refId": "A"
        },
        {
          "datasource": {
            "type": "prometheus",
            "uid": "${DS_PROMETHEUS}"
          },
          "editorMode": "code",
          "expr": "rate(requests_total_value{instance=~\"$bal_instance\", src_function_name=\"respond\",src_object_name=\"ballerina/http/Caller\",http_status_code_group=\"2xx\"}[1m])",
          "format": "time_series",
          "interval": "",
          "intervalFactor": 1,
          "legendFormat": "2xx Successful responses - Instance: {{instance}}",
          "range": true,
          "refId": "B"
        },
        {
          "datasource": {
            "type": "prometheus",
            "uid": "${DS_PROMETHEUS}"
          },
          "editorMode": "code",
          "expr": "rate(requests_total_value{instance=~\"$bal_instance\", src_function_name=\"respond\",src_object_name=\"ballerina/http/Caller\",http_status_code_group=\"3xx\"}[1m])",
          "format": "time_series",
          "interval": "",
          "intervalFactor": 1,
          "legendFormat": "3xx Redirections - Instance: {{instance}}",
          "range": true,
          "refId": "C"
        },
        {
          "datasource": {
            "type": "prometheus",
            "uid": "${DS_PROMETHEUS}"
          },
          "editorMode": "code",
          "expr": "rate(requests_total_value{instance=~\"$bal_instance\", src_function_name=\"respond\",src_object_name=\"ballerina/http/Caller\",http_status_code_group=\"4xx\"}[1m])",
          "format": "time_series",
          "interval": "",
          "intervalFactor": 1,
          "legendFormat": "4xx Client errors - Instance: {{instance}}",
          "range": true,
          "refId": "D"
        },
        {
          "datasource": {
            "type": "prometheus",
            "uid": "${DS_PROMETHEUS}"
          },
          "editorMode": "code",
          "expr": "rate(requests_total_value{instance=~\"$bal_instance\", src_function_name=\"respond\",src_object_name=\"ballerina/http/Caller\",http_status_code_group=\"5xx\"}[1m])",
          "format": "time_series",
          "interval": "",
          "intervalFactor": 1,
          "legendFormat": "5xx Server errors - Instance: {{instance}}",
          "range": true,
          "refId": "E"
        }
      ],
      "title": "HTTP Status Codes",
      "type": "timeseries"
    },
    {
      "collapsed": false,
      "gridPos": {
        "h": 1,
        "w": 24,
        "x": 0,
        "y": 28
      },
      "id": 111,
      "panels": [],
      "title": "IDP DS JVM Metrics",
      "type": "row"
    },
    {
      "datasource": {
        "type": "prometheus",
        "uid": "$datasource"
      },
      "fieldConfig": {
        "defaults": {
          "color": {
            "mode": "thresholds"
          },
          "decimals": 0,
          "mappings": [
            {
              "options": {
                "match": "null",
                "result": {
                  "text": "N/A"
                }
              },
              "type": "special"
            }
          ],
          "thresholds": {
            "mode": "absolute",
            "steps": [
              {
                "color": "green"
              },
              {
                "color": "red",
                "value": 80
              }
            ]
          },
          "unit": "none",
          "unitScale": true
        },
        "overrides": []
      },
      "gridPos": {
        "h": 5,
        "w": 7,
        "x": 3,
        "y": 29
      },
      "id": 25,
      "links": [],
      "maxDataPoints": 100,
      "options": {
        "colorMode": "none",
        "graphMode": "none",
        "justifyMode": "auto",
        "orientation": "horizontal",
        "reduceOptions": {
          "calcs": [
            "lastNotNull"
          ],
          "fields": "/^jdk$/",
          "values": false
        },
        "showPercentChange": false,
        "textMode": "auto",
        "wideLayout": true
      },
      "pluginVersion": "10.3.3",
      "targets": [
        {
          "datasource": {
            "uid": "$datasource"
          },
          "editorMode": "code",
          "expr": "label_join(jvm_info{instance=\"$instance\", job=~\"^${job}.*\"}, \"jdk\", \", \", \"vendor\", \"runtime\", \"version\")",
          "format": "table",
          "instant": true,
          "intervalFactor": 1,
          "legendFormat": "",
          "refId": "A"
        }
      ],
      "title": "JVM Version",
      "type": "stat"
    },
    {
      "datasource": {
        "type": "prometheus",
        "uid": "${DS_PROMETHEUS}"
      },
      "fieldConfig": {
        "defaults": {
          "color": {
            "mode": "palette-classic"
          },
          "custom": {
            "axisBorderShow": false,
            "axisCenteredZero": false,
            "axisColorMode": "text",
            "axisLabel": "",
            "axisPlacement": "auto",
            "barAlignment": 0,
            "drawStyle": "line",
            "fillOpacity": 10,
            "gradientMode": "none",
            "hideFrom": {
              "legend": false,
              "tooltip": false,
              "viz": false
            },
            "insertNulls": false,
            "lineInterpolation": "linear",
            "lineWidth": 1,
            "pointSize": 1,
            "scaleDistribution": {
              "type": "linear"
            },
            "showPoints": "auto",
            "spanNulls": false,
            "stacking": {
              "group": "A",
              "mode": "none"
            },
            "thresholdsStyle": {
              "mode": "off"
            }
          },
          "decimals": 0,
          "displayName": "$job - $instance",
          "mappings": [],
          "max": 1,
          "min": 0,
          "thresholds": {
            "mode": "absolute",
            "steps": [
              {
                "color": "#FADE2A"
              }
            ]
          },
          "unitScale": true
        },
        "overrides": [
          {
            "matcher": {
              "id": "byName",
              "options": "config-ds - host.docker.internal:19080"
            },
            "properties": [
              {
                "id": "color",
                "value": {
                  "fixedColor": "yellow",
                  "mode": "fixed"
                }
              }
            ]
          }
        ]
      },
      "gridPos": {
        "h": 5,
        "w": 10,
        "x": 10,
        "y": 29
      },
      "id": 79,
      "options": {
        "legend": {
          "calcs": [],
          "displayMode": "list",
          "placement": "bottom",
          "showLegend": true
        },
        "tooltip": {
          "mode": "single",
          "sort": "none"
        }
      },
      "targets": [
        {
          "datasource": {
            "type": "prometheus",
            "uid": "${DS_PROMETHEUS}"
          },
          "editorMode": "code",
          "expr": "up{instance=\"$instance\", job=~\"^${job}.*\"}",
          "instant": false,
          "range": true,
          "refId": "A"
        }
      ],
      "title": "Instance Up/Down",
      "type": "timeseries"
    },
    {
      "collapsed": false,
      "gridPos": {
        "h": 1,
        "w": 24,
        "x": 0,
        "y": 34
      },
      "id": 71,
      "panels": [],
      "title": "CPU & Memory",
      "type": "row"
    },
    {
      "datasource": {
        "type": "prometheus",
        "uid": "$datasource"
      },
      "description": "Number of available central processing units",
      "fieldConfig": {
        "defaults": {
          "color": {
            "mode": "thresholds"
          },
          "mappings": [
            {
              "options": {
                "match": "null",
                "result": {
                  "text": "N/A"
                }
              },
              "type": "special"
            }
          ],
          "thresholds": {
            "mode": "absolute",
            "steps": [
              {
                "color": "green"
              }
            ]
          },
          "unit": "none",
          "unitScale": true
        },
        "overrides": []
      },
      "gridPos": {
        "h": 4,
        "w": 4,
        "x": 6,
        "y": 35
      },
      "id": 26,
      "interval": "",
      "links": [],
      "maxDataPoints": 100,
      "options": {
        "colorMode": "none",
        "graphMode": "none",
        "justifyMode": "auto",
        "orientation": "horizontal",
        "reduceOptions": {
          "calcs": [
            "lastNotNull"
          ],
          "fields": "",
          "values": false
        },
        "showPercentChange": false,
        "textMode": "auto",
        "wideLayout": true
      },
      "pluginVersion": "10.3.3",
      "targets": [
        {
          "datasource": {
            "uid": "$datasource"
          },
          "editorMode": "code",
          "expr": "os_available_processors{instance=\"$instance\", job=~\"^${job}.*\"}",
          "format": "time_series",
          "instant": true,
          "intervalFactor": 1,
          "refId": "A"
        }
      ],
      "title": "Available CPUs",
      "type": "stat"
    },
    {
      "datasource": {
        "type": "prometheus",
        "uid": "$datasource"
      },
      "description": "This represents the amount of memory of free physical memory in the host (free = total – (used + shared + cached + buffered))",
      "fieldConfig": {
        "defaults": {
          "color": {
            "mode": "thresholds"
          },
          "mappings": [
            {
              "options": {
                "match": "null",
                "result": {
                  "text": "N/A"
                }
              },
              "type": "special"
            }
          ],
          "thresholds": {
            "mode": "absolute",
            "steps": [
              {
                "color": "green"
              }
            ]
          },
          "unit": "bytes",
          "unitScale": true
        },
        "overrides": []
      },
      "gridPos": {
        "h": 4,
        "w": 4,
        "x": 10,
        "y": 35
      },
      "id": 27,
      "links": [],
      "maxDataPoints": 100,
      "options": {
        "colorMode": "none",
        "graphMode": "none",
        "justifyMode": "auto",
        "orientation": "horizontal",
        "reduceOptions": {
          "calcs": [
            "mean"
          ],
          "fields": "",
          "values": false
        },
        "showPercentChange": false,
        "textMode": "auto",
        "wideLayout": true
      },
      "pluginVersion": "10.3.3",
      "targets": [
        {
          "datasource": {
            "uid": "$datasource"
          },
          "editorMode": "code",
          "expr": "os_free_physical_memory_size{instance=\"$instance\", job=~\"^${job}.*\"}",
          "format": "time_series",
          "instant": true,
          "intervalFactor": 1,
          "refId": "A"
        }
      ],
      "title": "Free Physical Memory",
      "type": "stat"
    },
    {
      "datasource": {
        "type": "prometheus",
        "uid": "$datasource"
      },
      "description": "Represents the current load of CPU in the host system for the last minute.",
      "fieldConfig": {
        "defaults": {
          "color": {
            "mode": "thresholds"
          },
          "mappings": [
            {
              "options": {
                "match": "null",
                "result": {
                  "text": "N/A"
                }
              },
              "type": "special"
            }
          ],
          "thresholds": {
            "mode": "absolute",
            "steps": [
              {
                "color": "green"
              }
            ]
          },
          "unit": "none",
          "unitScale": true
        },
        "overrides": []
      },
      "gridPos": {
        "h": 4,
        "w": 4,
        "x": 14,
        "y": 35
      },
      "id": 36,
      "links": [],
      "maxDataPoints": 100,
      "options": {
        "colorMode": "none",
        "graphMode": "none",
        "justifyMode": "auto",
        "orientation": "horizontal",
        "reduceOptions": {
          "calcs": [
            "mean"
          ],
          "fields": "",
          "values": false
        },
        "showPercentChange": false,
        "textMode": "auto",
        "wideLayout": true
      },
      "pluginVersion": "10.3.3",
      "targets": [
        {
          "datasource": {
            "uid": "$datasource"
          },
          "editorMode": "code",
          "expr": "os_system_load_average{instance=\"$instance\", job=~\"^${job}.*\"}",
          "format": "time_series",
          "instant": true,
          "intervalFactor": 1,
          "refId": "A"
        }
      ],
      "title": "System Load Average",
      "type": "stat"
    },
    {
      "datasource": {
        "type": "prometheus",
        "uid": "$datasource"
      },
      "description": "Represents the CPU load in this process",
      "fieldConfig": {
        "defaults": {
          "color": {
            "mode": "palette-classic"
          },
          "custom": {
            "axisBorderShow": false,
            "axisCenteredZero": false,
            "axisColorMode": "text",
            "axisLabel": "",
            "axisPlacement": "auto",
            "barAlignment": 0,
            "drawStyle": "line",
            "fillOpacity": 10,
            "gradientMode": "none",
            "hideFrom": {
              "legend": false,
              "tooltip": false,
              "viz": false
            },
            "insertNulls": false,
            "lineInterpolation": "linear",
            "lineWidth": 1,
            "pointSize": 5,
            "scaleDistribution": {
              "type": "linear"
            },
            "showPoints": "never",
            "spanNulls": false,
            "stacking": {
              "group": "A",
              "mode": "none"
            },
            "thresholdsStyle": {
              "mode": "off"
            }
          },
          "decimals": 1,
          "mappings": [],
          "thresholds": {
            "mode": "absolute",
            "steps": [
              {
                "color": "green"
              },
              {
                "color": "red",
                "value": 80
              }
            ]
          },
          "unit": "percentunit",
          "unitScale": true
        },
        "overrides": []
      },
      "gridPos": {
        "h": 8,
        "w": 12,
        "x": 0,
        "y": 39
      },
      "id": 52,
      "links": [],
      "options": {
        "legend": {
          "calcs": [
            "lastNotNull",
            "max"
          ],
          "displayMode": "table",
          "placement": "bottom",
          "showLegend": true
        },
        "tooltip": {
          "mode": "multi",
          "sort": "none"
        }
      },
      "pluginVersion": "10.0.3",
      "targets": [
        {
          "datasource": {
            "uid": "$datasource"
          },
          "editorMode": "code",
          "expr": "os_system_cpu_load{instance=\"$instance\", job=~\"^${job}.*\"}",
          "format": "time_series",
          "intervalFactor": 1,
          "legendFormat": "System",
          "range": true,
          "refId": "B"
        },
        {
          "datasource": {
            "uid": "$datasource"
          },
          "editorMode": "code",
          "expr": "os_process_cpu_load{instance=\"$instance\", job=~\"^${job}.*\"}",
          "format": "time_series",
          "intervalFactor": 1,
          "legendFormat": "ConfigDS",
          "range": true,
          "refId": "A"
        }
      ],
      "title": "CPU Load",
      "type": "timeseries"
    },
    {
      "datasource": {
        "type": "prometheus",
        "uid": "${DS_PROMETHEUS}"
      },
      "description": "Represents the current load of CPU in the host system for the last minute.",
      "fieldConfig": {
        "defaults": {
          "color": {
            "mode": "palette-classic"
          },
          "custom": {
            "axisBorderShow": false,
            "axisCenteredZero": false,
            "axisColorMode": "text",
            "axisLabel": "",
            "axisPlacement": "auto",
            "barAlignment": 0,
            "drawStyle": "line",
            "fillOpacity": 10,
            "gradientMode": "none",
            "hideFrom": {
              "legend": false,
              "tooltip": false,
              "viz": false
            },
            "insertNulls": false,
            "lineInterpolation": "linear",
            "lineWidth": 1,
            "pointSize": 1,
            "scaleDistribution": {
              "type": "linear"
            },
            "showPoints": "auto",
            "spanNulls": false,
            "stacking": {
              "group": "A",
              "mode": "none"
            },
            "thresholdsStyle": {
              "mode": "off"
            }
          },
          "displayName": "Load Avg",
          "mappings": [],
          "thresholds": {
            "mode": "absolute",
            "steps": [
              {
                "color": "green"
              },
              {
                "color": "red",
                "value": 80
              }
            ]
          },
          "unitScale": true
        },
        "overrides": []
      },
      "gridPos": {
        "h": 8,
        "w": 12,
        "x": 12,
        "y": 39
      },
      "id": 87,
      "options": {
        "legend": {
          "calcs": [
            "lastNotNull",
            "mean",
            "max",
            "min"
          ],
          "displayMode": "table",
          "placement": "bottom",
          "showLegend": true
        },
        "tooltip": {
          "mode": "single",
          "sort": "none"
        }
      },
      "targets": [
        {
          "datasource": {
            "type": "prometheus",
            "uid": "${DS_PROMETHEUS}"
          },
          "editorMode": "code",
          "expr": "os_system_load_average{instance=\"$instance\", job=~\"^${job}.*\"}",
          "instant": false,
          "range": true,
          "refId": "A"
        }
      ],
      "title": "System Load Average (1 Min)",
      "type": "timeseries"
    },
    {
      "datasource": {
        "type": "prometheus",
        "uid": "$datasource"
      },
      "description": "",
      "fieldConfig": {
        "defaults": {
          "color": {
            "mode": "palette-classic"
          },
          "custom": {
            "axisBorderShow": false,
            "axisCenteredZero": false,
            "axisColorMode": "text",
            "axisLabel": "",
            "axisPlacement": "auto",
            "barAlignment": 0,
            "drawStyle": "line",
            "fillOpacity": 10,
            "gradientMode": "none",
            "hideFrom": {
              "legend": false,
              "tooltip": false,
              "viz": false
            },
            "insertNulls": false,
            "lineInterpolation": "linear",
            "lineWidth": 1,
            "pointSize": 5,
            "scaleDistribution": {
              "type": "linear"
            },
            "showPoints": "never",
            "spanNulls": false,
            "stacking": {
              "group": "A",
              "mode": "none"
            },
            "thresholdsStyle": {
              "mode": "off"
            }
          },
          "mappings": [],
          "thresholds": {
            "mode": "absolute",
            "steps": [
              {
                "color": "green"
              },
              {
                "color": "red",
                "value": 80
              }
            ]
          },
          "unit": "bytes",
          "unitScale": true
        },
        "overrides": []
      },
      "gridPos": {
        "h": 9,
        "w": 12,
        "x": 6,
        "y": 47
      },
      "id": 53,
      "links": [],
      "options": {
        "legend": {
          "calcs": [
            "lastNotNull",
            "max",
            "min"
          ],
          "displayMode": "table",
          "placement": "bottom",
          "showLegend": true
        },
        "tooltip": {
          "mode": "multi",
          "sort": "none"
        }
      },
      "pluginVersion": "10.0.3",
      "targets": [
        {
          "datasource": {
            "uid": "$datasource"
          },
          "editorMode": "code",
          "expr": "os_total_physical_memory_size{instance=\"$instance\", job=~\"^${job}.*\"}",
          "format": "time_series",
          "intervalFactor": 1,
          "legendFormat": "Total Physical Memory",
          "range": true,
          "refId": "A"
        },
        {
          "datasource": {
            "uid": "$datasource"
          },
          "editorMode": "code",
          "expr": "os_committed_virtual_memory_size{instance=\"$instance\", job=~\"^${job}.*\"}",
          "format": "time_series",
          "intervalFactor": 1,
          "legendFormat": "Committed Virtual Memory",
          "range": true,
          "refId": "B"
        },
        {
          "datasource": {
            "uid": "$datasource"
          },
          "editorMode": "code",
          "expr": "os_free_physical_memory_size{instance=\"$instance\", job=~\"^${job}.*\"}",
          "format": "time_series",
          "intervalFactor": 1,
          "legendFormat": "Free Physical Memory",
          "range": true,
          "refId": "C"
        }
      ],
      "title": "Memory",
      "type": "timeseries"
    },
    {
      "datasource": {
        "type": "prometheus",
        "uid": "${DS_PROMETHEUS}"
      },
      "description": "Used/committed bytes of JVM memory area (heap)",
      "fieldConfig": {
        "defaults": {
          "color": {
            "mode": "palette-classic"
          },
          "custom": {
            "axisBorderShow": false,
            "axisCenteredZero": false,
            "axisColorMode": "text",
            "axisLabel": "",
            "axisPlacement": "auto",
            "barAlignment": 0,
            "drawStyle": "line",
            "fillOpacity": 10,
            "gradientMode": "none",
            "hideFrom": {
              "legend": false,
              "tooltip": false,
              "viz": false
            },
            "insertNulls": false,
            "lineInterpolation": "linear",
            "lineWidth": 1,
            "pointSize": 1,
            "scaleDistribution": {
              "type": "linear"
            },
            "showPoints": "auto",
            "spanNulls": false,
            "stacking": {
              "group": "A",
              "mode": "none"
            },
            "thresholdsStyle": {
              "mode": "off"
            }
          },
          "mappings": [],
          "thresholds": {
            "mode": "absolute",
            "steps": [
              {
                "color": "green"
              },
              {
                "color": "red",
                "value": 80
              }
            ]
          },
          "unit": "bytes",
          "unitScale": true
        },
        "overrides": []
      },
      "gridPos": {
        "h": 8,
        "w": 12,
        "x": 0,
        "y": 56
      },
      "id": 7,
      "options": {
        "legend": {
          "calcs": [
            "lastNotNull",
            "mean",
            "max",
            "min"
          ],
          "displayMode": "table",
          "placement": "bottom",
          "showLegend": true,
          "sortBy": "Min",
          "sortDesc": true
        },
        "tooltip": {
          "mode": "single",
          "sort": "none"
        }
      },
      "targets": [
        {
          "datasource": {
            "type": "prometheus",
            "uid": "${DS_PROMETHEUS}"
          },
          "editorMode": "builder",
          "exemplar": false,
          "expr": "jvm_memory_bytes_used{area=\"heap\"}",
          "instant": false,
          "legendFormat": "Used",
          "range": true,
          "refId": "A"
        },
        {
          "datasource": {
            "type": "prometheus",
            "uid": "${DS_PROMETHEUS}"
          },
          "editorMode": "builder",
          "exemplar": false,
          "expr": "jvm_memory_bytes_committed{area=\"heap\"}",
          "hide": false,
          "instant": false,
          "legendFormat": "Commited",
          "range": true,
          "refId": "B"
        }
      ],
      "title": "Memory Heap",
      "type": "timeseries"
    },
    {
      "datasource": {
        "type": "prometheus",
        "uid": "${DS_PROMETHEUS}"
      },
      "description": "Used/committed bytes of JVM memory area (non-heap)",
      "fieldConfig": {
        "defaults": {
          "color": {
            "mode": "palette-classic"
          },
          "custom": {
            "axisBorderShow": false,
            "axisCenteredZero": false,
            "axisColorMode": "text",
            "axisLabel": "",
            "axisPlacement": "auto",
            "barAlignment": 0,
            "drawStyle": "line",
            "fillOpacity": 10,
            "gradientMode": "none",
            "hideFrom": {
              "legend": false,
              "tooltip": false,
              "viz": false
            },
            "insertNulls": false,
            "lineInterpolation": "linear",
            "lineWidth": 1,
            "pointSize": 1,
            "scaleDistribution": {
              "type": "linear"
            },
            "showPoints": "auto",
            "spanNulls": false,
            "stacking": {
              "group": "A",
              "mode": "none"
            },
            "thresholdsStyle": {
              "mode": "off"
            }
          },
          "decimals": 2,
          "mappings": [],
          "thresholds": {
            "mode": "absolute",
            "steps": [
              {
                "color": "green"
              },
              {
                "color": "red",
                "value": 80
              }
            ]
          },
          "unit": "bytes",
          "unitScale": true
        },
        "overrides": []
      },
      "gridPos": {
        "h": 8,
        "w": 12,
        "x": 12,
        "y": 56
      },
      "id": 8,
      "options": {
        "legend": {
          "calcs": [
            "lastNotNull",
            "mean",
            "max",
            "min"
          ],
          "displayMode": "table",
          "placement": "bottom",
          "showLegend": true
        },
        "tooltip": {
          "mode": "single",
          "sort": "none"
        }
      },
      "targets": [
        {
          "datasource": {
            "type": "prometheus",
            "uid": "${DS_PROMETHEUS}"
          },
          "editorMode": "builder",
          "expr": "jvm_memory_bytes_used{area=\"nonheap\"}",
          "instant": false,
          "legendFormat": "Used",
          "range": true,
          "refId": "A"
        },
        {
          "datasource": {
            "type": "prometheus",
            "uid": "${DS_PROMETHEUS}"
          },
          "editorMode": "builder",
          "expr": "jvm_memory_bytes_committed{area=\"nonheap\"}",
          "hide": false,
          "instant": false,
          "legendFormat": "Committed",
          "range": true,
          "refId": "B"
        }
      ],
      "title": "Memory Non Heap",
      "type": "timeseries"
    },
    {
      "collapsed": false,
      "gridPos": {
        "h": 1,
        "w": 24,
        "x": 0,
        "y": 64
      },
      "id": 55,
      "panels": [],
      "title": "More Metrics",
      "type": "row"
    },
    {
      "datasource": {
        "type": "prometheus",
        "uid": "$datasource"
      },
      "description": "The number of different thread types running at the current moment",
      "fieldConfig": {
        "defaults": {
          "color": {
            "mode": "palette-classic"
          },
          "custom": {
            "axisBorderShow": false,
            "axisCenteredZero": false,
            "axisColorMode": "text",
            "axisLabel": "",
            "axisPlacement": "auto",
            "barAlignment": 0,
            "drawStyle": "line",
            "fillOpacity": 10,
            "gradientMode": "none",
            "hideFrom": {
              "legend": false,
              "tooltip": false,
              "viz": false
            },
            "insertNulls": false,
            "lineInterpolation": "linear",
            "lineWidth": 1,
            "pointSize": 5,
            "scaleDistribution": {
              "type": "linear"
            },
            "showPoints": "never",
            "spanNulls": false,
            "stacking": {
              "group": "A",
              "mode": "none"
            },
            "thresholdsStyle": {
              "mode": "off"
            }
          },
          "decimals": 0,
          "mappings": [],
          "thresholds": {
            "mode": "absolute",
            "steps": [
              {
                "color": "green"
              },
              {
                "color": "red",
                "value": 80
              }
            ]
          },
          "unit": "short",
          "unitScale": true
        },
        "overrides": []
      },
      "gridPos": {
        "h": 7,
        "w": 12,
        "x": 0,
        "y": 65
      },
      "id": 12,
      "links": [],
      "options": {
        "legend": {
          "calcs": [
            "lastNotNull",
            "max"
          ],
          "displayMode": "table",
          "placement": "bottom",
          "showLegend": true
        },
        "tooltip": {
          "mode": "multi",
          "sort": "none"
        }
      },
      "pluginVersion": "10.0.3",
      "targets": [
        {
          "datasource": {
            "uid": "$datasource"
          },
          "editorMode": "code",
          "expr": "jvm_threads_current{instance=\"$instance\", job=~\"^${job}.*\"}",
          "format": "time_series",
          "intervalFactor": 5,
          "legendFormat": "Current Threads",
          "metric": "jvm_threads_current",
          "range": true,
          "refId": "A",
          "step": 10
        },
        {
          "datasource": {
            "uid": "$datasource"
          },
          "editorMode": "code",
          "expr": "jvm_threads_daemon{instance=\"$instance\", job=~\"^${job}.*\"}",
          "format": "time_series",
          "intervalFactor": 5,
          "legendFormat": "Daemon Threads",
          "metric": "jvm_threads_daemon",
          "range": true,
          "refId": "B",
          "step": 10
        },
        {
          "datasource": {
            "uid": "$datasource"
          },
          "editorMode": "code",
          "expr": "jvm_threads_deadlocked{instance=\"$instance\", job=~\"^${job}.*\"}",
          "format": "time_series",
          "intervalFactor": 1,
          "legendFormat": "Deadlocked Threads",
          "range": true,
          "refId": "C"
        }
      ],
      "title": "Threads Count",
      "type": "timeseries"
    },
    {
      "datasource": {
        "type": "prometheus",
        "uid": "$datasource"
      },
      "description": "This is the number of classes that are currently loaded in the JVM",
      "fieldConfig": {
        "defaults": {
          "color": {
            "mode": "palette-classic"
          },
          "custom": {
            "axisBorderShow": false,
            "axisCenteredZero": false,
            "axisColorMode": "text",
            "axisLabel": "",
            "axisPlacement": "auto",
            "barAlignment": 0,
            "drawStyle": "line",
            "fillOpacity": 10,
            "gradientMode": "none",
            "hideFrom": {
              "legend": false,
              "tooltip": false,
              "viz": false
            },
            "insertNulls": false,
            "lineInterpolation": "linear",
            "lineWidth": 1,
            "pointSize": 5,
            "scaleDistribution": {
              "type": "linear"
            },
            "showPoints": "never",
            "spanNulls": false,
            "stacking": {
              "group": "A",
              "mode": "none"
            },
            "thresholdsStyle": {
              "mode": "off"
            }
          },
          "decimals": 0,
          "mappings": [],
          "thresholds": {
            "mode": "absolute",
            "steps": [
              {
                "color": "green"
              },
              {
                "color": "red",
                "value": 80
              }
            ]
          },
          "unit": "short",
          "unitScale": true
        },
        "overrides": []
      },
      "gridPos": {
        "h": 7,
        "w": 12,
        "x": 12,
        "y": 65
      },
      "id": 13,
      "links": [],
      "options": {
        "legend": {
          "calcs": [
            "lastNotNull",
            "max",
            "min"
          ],
          "displayMode": "table",
          "placement": "bottom",
          "showLegend": true
        },
        "tooltip": {
          "mode": "multi",
          "sort": "none"
        }
      },
      "pluginVersion": "10.0.3",
      "targets": [
        {
          "datasource": {
            "uid": "$datasource"
          },
          "editorMode": "code",
          "exemplar": false,
          "expr": "jvm_classes_currently_loaded{instance=\"$instance\", job=~\"^${job}.*\"}",
          "format": "time_series",
          "interval": "",
          "intervalFactor": 5,
          "legendFormat": "Currently Loaded Classes",
          "metric": "jvm_classes_loaded",
          "range": true,
          "refId": "A",
          "step": 10
        }
      ],
      "title": "Class Loading",
      "type": "timeseries"
    },
    {
      "datasource": {
        "type": "prometheus",
        "uid": "${DS_PROMETHEUS}"
      },
      "description": "",
      "fieldConfig": {
        "defaults": {
          "color": {
            "mode": "palette-classic"
          },
          "custom": {
            "axisBorderShow": false,
            "axisCenteredZero": false,
            "axisColorMode": "text",
            "axisLabel": "",
            "axisPlacement": "auto",
            "barAlignment": 0,
            "drawStyle": "line",
            "fillOpacity": 10,
            "gradientMode": "none",
            "hideFrom": {
              "legend": false,
              "tooltip": false,
              "viz": false
            },
            "insertNulls": false,
            "lineInterpolation": "linear",
            "lineWidth": 1,
            "pointSize": 1,
            "scaleDistribution": {
              "type": "linear"
            },
            "showPoints": "auto",
            "spanNulls": false,
            "stacking": {
              "group": "A",
              "mode": "none"
            },
            "thresholdsStyle": {
              "mode": "off"
            }
          },
          "decimals": 0,
          "displayName": "Open FDs",
          "mappings": [],
          "thresholds": {
            "mode": "absolute",
            "steps": [
              {
                "color": "green"
              },
              {
                "color": "red",
                "value": 80
              }
            ]
          },
          "unit": "none",
          "unitScale": true
        },
        "overrides": []
      },
      "gridPos": {
        "h": 8,
        "w": 12,
        "x": 0,
        "y": 72
      },
      "id": 95,
      "options": {
        "legend": {
          "calcs": [],
          "displayMode": "list",
          "placement": "bottom",
          "showLegend": true
        },
        "tooltip": {
          "mode": "single",
          "sort": "none"
        }
      },
      "targets": [
        {
          "datasource": {
            "type": "prometheus",
            "uid": "${DS_PROMETHEUS}"
          },
          "editorMode": "code",
          "expr": "process_open_fds{instance=\"$instance\", job=~\"^${job}.*\"}",
          "instant": false,
          "range": true,
          "refId": "A"
        }
      ],
      "title": "Open File Descriptors",
      "type": "timeseries"
    },
    {
      "datasource": {
        "type": "prometheus",
        "uid": "$datasource"
      },
      "description": " Change in the total time spent on JVM garbage collection within the specified interval",
      "fieldConfig": {
        "defaults": {
          "color": {
            "mode": "palette-classic"
          },
          "custom": {
            "axisBorderShow": false,
            "axisCenteredZero": false,
            "axisColorMode": "text",
            "axisLabel": "",
            "axisPlacement": "auto",
            "barAlignment": 0,
            "drawStyle": "line",
            "fillOpacity": 10,
            "gradientMode": "none",
            "hideFrom": {
              "legend": false,
              "tooltip": false,
              "viz": false
            },
            "insertNulls": false,
            "lineInterpolation": "linear",
            "lineWidth": 1,
            "pointSize": 5,
            "scaleDistribution": {
              "type": "linear"
            },
            "showPoints": "never",
            "spanNulls": false,
            "stacking": {
              "group": "A",
              "mode": "none"
            },
            "thresholdsStyle": {
              "mode": "off"
            }
          },
          "mappings": [],
          "thresholds": {
            "mode": "absolute",
            "steps": [
              {
                "color": "green"
              },
              {
                "color": "red",
                "value": 80
              }
            ]
          },
          "unit": "s",
          "unitScale": true
        },
        "overrides": []
      },
      "gridPos": {
        "h": 8,
        "w": 12,
        "x": 12,
        "y": 72
      },
      "id": 10,
      "links": [],
      "options": {
        "legend": {
          "calcs": [
            "lastNotNull",
            "max",
            "min"
          ],
          "displayMode": "table",
          "placement": "bottom",
          "showLegend": true
        },
        "tooltip": {
          "mode": "multi",
          "sort": "none"
        }
      },
      "pluginVersion": "10.0.3",
      "targets": [
        {
          "datasource": {
            "uid": "$datasource"
          },
          "editorMode": "code",
          "expr": "increase(jvm_gc_collection_seconds_sum{instance=\"$instance\", job=~\"^${job}.*\"}[5m])",
          "format": "time_series",
          "interval": "60s",
          "intervalFactor": 1,
          "legendFormat": "{{gc}}",
          "metric": "jvm_gc_collection_seconds_sum",
          "range": true,
          "refId": "A",
          "step": 10
        }
      ],
      "title": "Garbage Collection Time",
      "type": "timeseries"
    },
    {
      "datasource": {
        "type": "prometheus",
        "uid": "$datasource"
      },
      "description": "Total bytes allocated in a given JVM memory pool. Only updated after GC, not continuously.",
      "fieldConfig": {
        "defaults": {
          "color": {
            "mode": "palette-classic"
          },
          "custom": {
            "axisBorderShow": false,
            "axisCenteredZero": false,
            "axisColorMode": "text",
            "axisLabel": "",
            "axisPlacement": "auto",
            "barAlignment": 0,
            "drawStyle": "line",
            "fillOpacity": 10,
            "gradientMode": "none",
            "hideFrom": {
              "legend": false,
              "tooltip": false,
              "viz": false
            },
            "insertNulls": false,
            "lineInterpolation": "linear",
            "lineWidth": 1,
            "pointSize": 5,
            "scaleDistribution": {
              "type": "linear"
            },
            "showPoints": "never",
            "spanNulls": false,
            "stacking": {
              "group": "A",
              "mode": "none"
            },
            "thresholdsStyle": {
              "mode": "off"
            }
          },
          "mappings": [],
          "thresholds": {
            "mode": "absolute",
            "steps": [
              {
                "color": "green"
              },
              {
                "color": "red",
                "value": 80
              }
            ]
          },
          "unit": "bytes",
          "unitScale": true
        },
        "overrides": []
      },
      "gridPos": {
        "h": 8,
        "w": 8,
        "x": 0,
        "y": 80
      },
      "id": 14,
      "links": [],
      "maxPerRow": 3,
      "options": {
        "legend": {
          "calcs": [
            "mean",
            "lastNotNull",
            "max",
            "min"
          ],
          "displayMode": "table",
          "placement": "bottom",
          "showLegend": true
        },
        "tooltip": {
          "mode": "multi",
          "sort": "none"
        }
      },
      "pluginVersion": "10.0.3",
      "repeat": "mempool",
      "repeatDirection": "h",
      "targets": [
        {
          "datasource": {
            "uid": "$datasource"
          },
          "editorMode": "code",
          "exemplar": false,
          "expr": "jvm_memory_pool_bytes_used{instance=\"$instance\",job=~\"^${job}.*\"}",
          "format": "time_series",
          "interval": "",
          "intervalFactor": 1,
          "legendFormat": "Used",
          "metric": "jvm_memory_bytes_used",
          "range": true,
          "refId": "A",
          "step": 5
        },
        {
          "datasource": {
            "uid": "$datasource"
          },
          "editorMode": "code",
          "expr": "jvm_memory_pool_bytes_committed{instance=\"$instance\", job=~\"^${job}.*\"}",
          "format": "time_series",
          "interval": "",
          "intervalFactor": 1,
          "legendFormat": "Committed",
          "metric": "jvm_memory_bytes_used",
          "range": true,
          "refId": "C",
          "step": 5
        }
      ],
      "title": "Memory pool - $mempool",
      "type": "timeseries"
    }
  ],
  "refresh": "5s",
  "schemaVersion": 39,
  "tags": [
    "Prometheus",
    "JVM",
    "APK",
    "Config-DS",
    "Ballerina"
  ],
  "templating": {
    "list": [
      {
        "current": {
          "selected": false,
          "text": "idp-ds",
          "value": "idp-ds"
        },
        "hide": 0,
        "name": "job",
        "options": [
          {
            "selected": true,
            "text": "idp-ds",
            "value": "idp-ds"
          }
        ],
        "query": "idp-ds",
        "skipUrlSync": false,
        "type": "textbox"
      },
      {
        "current": {},
        "datasource": {
          "type": "prometheus",
          "uid": "${DS_PROMETHEUS}"
        },
        "definition": "label_values(jvm_info{job=\"idp-ds-jvm-metrics\"},instance)",
        "hide": 0,
        "includeAll": false,
        "multi": false,
        "name": "instance",
        "options": [],
        "query": {
          "qryType": 1,
          "query": "label_values(jvm_info{job=\"idp-ds-jvm-metrics\"},instance)",
          "refId": "PrometheusVariableQueryEditor-VariableQuery"
        },
        "refresh": 1,
        "regex": "",
        "skipUrlSync": false,
        "sort": 0,
        "type": "query"
      },
      {
        "current": {},
        "datasource": {
          "uid": "$datasource"
        },
        "definition": "label_values(jvm_memory_pool_bytes_max{job=\"$job\", instance=\"$instance\"},pool)",
        "hide": 2,
        "includeAll": true,
        "multi": true,
        "name": "mempool",
        "options": [],
        "query": {
          "query": "label_values(jvm_memory_pool_bytes_max{job=\"$job\", instance=\"$instance\"},pool)",
          "refId": "PrometheusVariableQueryEditor-VariableQuery"
        },
        "refresh": 1,
        "regex": "",
        "skipUrlSync": false,
        "sort": 1,
        "tagValuesQuery": "",
        "tagsQuery": "",
        "type": "query",
        "useTags": false
      },
      {
        "current": {},
        "datasource": {
          "type": "prometheus",
          "uid": "${DS_PROMETHEUS}"
        },
        "definition": "label_values(requests_total_value{job=\"idp-ds-bal-metrics\"},instance)",
        "hide": 0,
        "includeAll": false,
        "multi": false,
        "name": "bal_instance",
        "options": [],
        "query": {
          "qryType": 1,
          "query": "label_values(requests_total_value{job=\"idp-ds-bal-metrics\"},instance)",
          "refId": "PrometheusVariableQueryEditor-VariableQuery"
        },
        "refresh": 1,
        "regex": "",
        "skipUrlSync": false,
        "sort": 0,
        "type": "query"
      },
      {
        "current": {
          "selected": false,
          "text": "prometheus",
          "value": "b3cefedf-3e5b-435c-8ea1-5a6668c22ad7"
        },
        "hide": 0,
        "includeAll": false,
        "multi": false,
        "name": "datasource",
        "options": [],
        "query": "prometheus",
        "refresh": 1,
        "regex": "",
        "skipUrlSync": false,
        "type": "datasource"
      }
    ]
  },
  "time": {
    "from": "now-30m",
    "to": "now"
  },
  "timepicker": {},
  "timezone": "",
  "title": "APK IDP Domain Service",
  "uid": "cedc0155-296c-430c-a984-8166a0fc3167",
  "version": 18,
  "weekStart": ""
}