{
  "annotations": {
    "list": [
      {
        "builtIn": 1,
        "datasource": {
          "type": "grafana",
          "uid": "-- Grafana --"
        },
        "enable": true,
        "hide": true,
        "iconColor": "rgba(0, 211, 255, 1)",
        "name": "Annotations & Alerts",
        "type": "dashboard"
      }
    ]
  },
  "description": "This dashboard visualizes key APK Enforcer metrics, including CPU usage, memory consumption, and garbage collector activity.",
  "editable": true,
  "fiscalYearStartMonth": 0,
  "graphTooltip": 0,
  "id": 2,
  "links": [],
  "liveNow": false,
  "panels": [
    {
      "datasource": {
        "uid": "$datasource"
      },
      "fieldConfig": {
        "defaults": {
          "color": {
            "mode": "thresholds"
          },
          "mappings": [
            {
              "options": {
                "0": {
                  "text": "DOWN"
                },
                "1": {
                  "text": "UP"
                }
              },
              "type": "value"
            },
            {
              "options": {
                "match": "null",
                "result": {
                  "text": "DOWN"
                }
              },
              "type": "special"
            }
          ],
          "thresholds": {
            "mode": "absolute",
            "steps": [
              {
                "color": "#d44a3a",
                "value": null
              },
              {
                "color": "#e24d42",
                "value": 0
              },
              {
                "color": "#299c46",
                "value": 1
              }
            ]
          },
          "unit": "none",
          "unitScale": true
        },
        "overrides": []
      },
      "gridPos": {
        "h": 4,
        "w": 3,
        "x": 3,
        "y": 0
      },
      "hideTimeOverride": false,
      "id": 22,
      "links": [],
      "maxDataPoints": 100,
      "options": {
        "colorMode": "value",
        "graphMode": "none",
        "justifyMode": "auto",
        "orientation": "horizontal",
        "reduceOptions": {
          "calcs": [
            "lastNotNull"
          ],
          "fields": "",
          "values": false
        },
        "showPercentChange": false,
        "textMode": "auto",
        "wideLayout": true
      },
      "pluginVersion": "10.3.3",
      "targets": [
        {
          "datasource": {
            "uid": "$datasource"
          },
          "expr": "up{job=\"$job\",instance=\"$instance\"}",
          "format": "time_series",
          "instant": true,
          "intervalFactor": 1,
          "refId": "A"
        }
      ],
      "title": "Status",
      "type": "stat"
    },
    {
      "datasource": {
        "uid": "$datasource"
      },
      "fieldConfig": {
        "defaults": {
          "color": {
            "mode": "thresholds"
          },
          "decimals": 0,
          "mappings": [
            {
              "options": {
                "match": "null",
                "result": {
                  "text": "N/A"
                }
              },
              "type": "special"
            }
          ],
          "thresholds": {
            "mode": "absolute",
            "steps": [
              {
                "color": "green",
                "value": null
              }
            ]
          },
          "unit": "s",
          "unitScale": true
        },
        "overrides": []
      },
      "gridPos": {
        "h": 4,
        "w": 4,
        "x": 6,
        "y": 0
      },
      "id": 23,
      "links": [],
      "maxDataPoints": 100,
      "options": {
        "colorMode": "none",
        "graphMode": "none",
        "justifyMode": "auto",
        "orientation": "horizontal",
        "reduceOptions": {
          "calcs": [
            "lastNotNull"
          ],
          "fields": "",
          "values": false
        },
        "showPercentChange": false,
        "textMode": "auto",
        "wideLayout": true
      },
      "pluginVersion": "10.3.3",
      "targets": [
        {
          "datasource": {
            "uid": "$datasource"
          },
          "expr": "time() - process_start_time_seconds{job=\"$job\",instance=\"$instance\"}",
          "format": "time_series",
          "instant": true,
          "intervalFactor": 1,
          "refId": "A"
        }
      ],
      "title": "Uptime",
      "type": "stat"
    },
    {
      "datasource": {
        "uid": "$datasource"
      },
      "fieldConfig": {
        "defaults": {
          "color": {
            "mode": "thresholds"
          },
          "mappings": [
            {
              "options": {
                "match": "null",
                "result": {
                  "text": "N/A"
                }
              },
              "type": "special"
            }
          ],
          "thresholds": {
            "mode": "absolute",
            "steps": [
              {
                "color": "#299c46",
                "value": null
              }
            ]
          },
          "unit": "dateTimeAsIso",
          "unitScale": true
        },
        "overrides": []
      },
      "gridPos": {
        "h": 4,
        "w": 4,
        "x": 10,
        "y": 0
      },
      "id": 24,
      "interval": "",
      "links": [],
      "maxDataPoints": 100,
      "options": {
        "colorMode": "none",
        "graphMode": "none",
        "justifyMode": "auto",
        "orientation": "horizontal",
        "reduceOptions": {
          "calcs": [
            "lastNotNull"
          ],
          "fields": "",
          "values": false
        },
        "showPercentChange": false,
        "textMode": "auto",
        "wideLayout": true
      },
      "pluginVersion": "10.3.3",
      "targets": [
        {
          "datasource": {
            "uid": "$datasource"
          },
          "expr": "process_start_time_seconds{job=\"$job\",instance=\"$instance\"}*1000",
          "format": "time_series",
          "instant": true,
          "intervalFactor": 1,
          "refId": "A"
        }
      ],
      "title": "Start Time",
      "type": "stat"
    },
    {
      "datasource": {
        "uid": "$datasource"
      },
      "fieldConfig": {
        "defaults": {
          "color": {
            "mode": "thresholds"
          },
          "decimals": 0,
          "mappings": [
            {
              "options": {
                "match": "null",
                "result": {
                  "text": "N/A"
                }
              },
              "type": "special"
            }
          ],
          "thresholds": {
            "mode": "absolute",
            "steps": [
              {
                "color": "green",
                "value": null
              },
              {
                "color": "red",
                "value": 80
              }
            ]
          },
          "unit": "none",
          "unitScale": true
        },
        "overrides": []
      },
      "gridPos": {
        "h": 4,
        "w": 7,
        "x": 14,
        "y": 0
      },
      "id": 25,
      "links": [],
      "maxDataPoints": 100,
      "options": {
        "colorMode": "none",
        "graphMode": "none",
        "justifyMode": "auto",
        "orientation": "horizontal",
        "reduceOptions": {
          "calcs": [
            "lastNotNull"
          ],
          "fields": "/^jdk$/",
          "values": false
        },
        "showPercentChange": false,
        "textMode": "auto",
        "wideLayout": true
      },
      "pluginVersion": "10.3.3",
      "targets": [
        {
          "datasource": {
            "uid": "$datasource"
          },
          "expr": "label_join(jvm_info{job=\"$job\",instance=\"$instance\"}, \"jdk\", \", \", \"vendor\", \"runtime\", \"version\")",
          "format": "table",
          "instant": true,
          "intervalFactor": 1,
          "legendFormat": "",
          "refId": "A"
        }
      ],
      "title": "JVM Version",
      "type": "stat"
    },
    {
      "datasource": {
        "type": "prometheus",
        "uid": "c7f33001-01b7-4bee-abe7-7d65d959b6f8"
      },
      "fieldConfig": {
        "defaults": {
          "color": {
            "mode": "palette-classic"
          },
          "custom": {
            "axisBorderShow": false,
            "axisCenteredZero": false,
            "axisColorMode": "text",
            "axisLabel": "",
            "axisPlacement": "auto",
            "barAlignment": 0,
            "drawStyle": "line",
            "fillOpacity": 10,
            "gradientMode": "none",
            "hideFrom": {
              "legend": false,
              "tooltip": false,
              "viz": false
            },
            "insertNulls": false,
            "lineInterpolation": "linear",
            "lineWidth": 1,
            "pointSize": 1,
            "scaleDistribution": {
              "type": "linear"
            },
            "showPoints": "auto",
            "spanNulls": false,
            "stacking": {
              "group": "A",
              "mode": "none"
            },
            "thresholdsStyle": {
              "mode": "off"
            }
          },
          "decimals": 0,
          "displayName": "$job - $instance",
          "mappings": [],
          "max": 1,
          "min": 0,
          "thresholds": {
            "mode": "absolute",
            "steps": [
              {
                "color": "#FADE2A",
                "value": null
              }
            ]
          },
          "unitScale": true
        },
        "overrides": [
          {
            "matcher": {
              "id": "byName",
              "options": "enforcer - host.docker.internal:19080"
            },
            "properties": [
              {
                "id": "color",
                "value": {
                  "fixedColor": "yellow",
                  "mode": "fixed"
                }
              }
            ]
          }
        ]
      },
      "gridPos": {
        "h": 5,
        "w": 17,
        "x": 3,
        "y": 4
      },
      "id": 79,
      "options": {
        "legend": {
          "calcs": [],
          "displayMode": "list",
          "placement": "bottom",
          "showLegend": true
        },
        "tooltip": {
          "mode": "single",
          "sort": "none"
        }
      },
      "targets": [
        {
          "datasource": {
            "type": "prometheus",
            "uid": "c7f33001-01b7-4bee-abe7-7d65d959b6f8"
          },
          "editorMode": "code",
          "expr": "up{job=\"$job\",instance=\"$instance\"}",
          "instant": false,
          "range": true,
          "refId": "A"
        }
      ],
      "title": "Instance Up/Down",
      "type": "timeseries"
    },
    {
      "datasource": {
        "type": "prometheus",
        "uid": "c7f33001-01b7-4bee-abe7-7d65d959b6f8"
      },
      "fieldConfig": {
        "defaults": {
          "color": {
            "mode": "thresholds"
          },
          "mappings": [],
          "min": 0,
          "thresholds": {
            "mode": "absolute",
            "steps": [
              {
                "color": "green",
                "value": null
              },
              {
                "color": "red",
                "value": 80
              }
            ]
          },
          "unitScale": true
        },
        "overrides": []
      },
      "gridPos": {
        "h": 5,
        "w": 4,
        "x": 8,
        "y": 9
      },
      "id": 105,
      "options": {
        "colorMode": "value",
        "graphMode": "area",
        "justifyMode": "auto",
        "orientation": "auto",
        "reduceOptions": {
          "calcs": [
            "lastNotNull"
          ],
          "fields": "",
          "values": false
        },
        "showPercentChange": false,
        "textMode": "auto",
        "wideLayout": true
      },
      "pluginVersion": "10.3.3",
      "targets": [
        {
          "datasource": {
            "type": "prometheus",
            "uid": "c7f33001-01b7-4bee-abe7-7d65d959b6f8"
          },
          "disableTextWrap": false,
          "editorMode": "builder",
          "expr": "org_wso2_apk_enforcer_token_issuer_count{job=\"$job\"}",
          "fullMetaSearch": false,
          "includeNullMetadata": false,
          "instant": false,
          "legendFormat": "__auto",
          "range": true,
          "refId": "A",
          "useBackend": false
        }
      ],
      "title": "Token Issuers",
      "type": "stat"
    },
    {
      "datasource": {
        "type": "prometheus",
        "uid": "c7f33001-01b7-4bee-abe7-7d65d959b6f8"
      },
      "fieldConfig": {
        "defaults": {
          "color": {
            "mode": "thresholds"
          },
          "mappings": [],
          "min": 0,
          "thresholds": {
            "mode": "absolute",
            "steps": [
              {
                "color": "green",
                "value": null
              },
              {
                "color": "red",
                "value": 80
              }
            ]
          },
          "unitScale": true
        },
        "overrides": []
      },
      "gridPos": {
        "h": 5,
        "w": 4,
        "x": 12,
        "y": 9
      },
      "id": 106,
      "options": {
        "colorMode": "value",
        "graphMode": "area",
        "justifyMode": "auto",
        "orientation": "auto",
        "reduceOptions": {
          "calcs": [
            "lastNotNull"
          ],
          "fields": "",
          "values": false
        },
        "showPercentChange": false,
        "textMode": "auto",
        "wideLayout": true
      },
      "pluginVersion": "10.3.3",
      "targets": [
        {
          "datasource": {
            "type": "prometheus",
            "uid": "c7f33001-01b7-4bee-abe7-7d65d959b6f8"
          },
          "disableTextWrap": false,
          "editorMode": "builder",
          "expr": "org_wso2_apk_enforcer_subscription_count{job=\"$job\"}",
          "fullMetaSearch": false,
          "includeNullMetadata": true,
          "instant": false,
          "legendFormat": "__auto",
          "range": true,
          "refId": "A",
          "useBackend": false
        }
      ],
      "title": "Subscriptions Count",
      "type": "stat"
    },
    {
      "collapsed": false,
      "gridPos": {
        "h": 1,
        "w": 24,
        "x": 0,
        "y": 14
      },
      "id": 71,
      "panels": [],
      "title": "CPU & Memory",
      "type": "row"
    },
    {
      "datasource": {
        "type": "prometheus",
        "uid": "$datasource"
      },
      "description": "Number of available central processing units",
      "fieldConfig": {
        "defaults": {
          "color": {
            "mode": "thresholds"
          },
          "mappings": [
            {
              "options": {
                "match": "null",
                "result": {
                  "text": "N/A"
                }
              },
              "type": "special"
            }
          ],
          "thresholds": {
            "mode": "absolute",
            "steps": [
              {
                "color": "green",
                "value": null
              }
            ]
          },
          "unit": "none",
          "unitScale": true
        },
        "overrides": []
      },
      "gridPos": {
        "h": 4,
        "w": 4,
        "x": 6,
        "y": 15
      },
      "id": 26,
      "interval": "",
      "links": [],
      "maxDataPoints": 100,
      "options": {
        "colorMode": "none",
        "graphMode": "none",
        "justifyMode": "auto",
        "orientation": "horizontal",
        "reduceOptions": {
          "calcs": [
            "lastNotNull"
          ],
          "fields": "",
          "values": false
        },
        "showPercentChange": false,
        "textMode": "auto",
        "wideLayout": true
      },
      "pluginVersion": "10.3.3",
      "targets": [
        {
          "datasource": {
            "uid": "$datasource"
          },
          "editorMode": "code",
          "expr": "os_available_processors{job=\"$job\",instance=\"$instance\"}",
          "format": "time_series",
          "instant": true,
          "intervalFactor": 1,
          "refId": "A"
        }
      ],
      "title": "Available CPUs",
      "type": "stat"
    },
    {
      "datasource": {
        "type": "prometheus",
        "uid": "$datasource"
      },
      "description": "This represents the amount of memory of free physical memory in the host (free = total – (used + shared + cached + buffered))",
      "fieldConfig": {
        "defaults": {
          "color": {
            "mode": "thresholds"
          },
          "mappings": [
            {
              "options": {
                "match": "null",
                "result": {
                  "text": "N/A"
                }
              },
              "type": "special"
            }
          ],
          "thresholds": {
            "mode": "absolute",
            "steps": [
              {
                "color": "green",
                "value": null
              }
            ]
          },
          "unit": "bytes",
          "unitScale": true
        },
        "overrides": []
      },
      "gridPos": {
        "h": 4,
        "w": 4,
        "x": 10,
        "y": 15
      },
      "id": 27,
      "links": [],
      "maxDataPoints": 100,
      "options": {
        "colorMode": "none",
        "graphMode": "none",
        "justifyMode": "auto",
        "orientation": "horizontal",
        "reduceOptions": {
          "calcs": [
            "mean"
          ],
          "fields": "",
          "values": false
        },
        "showPercentChange": false,
        "textMode": "auto",
        "wideLayout": true
      },
      "pluginVersion": "10.3.3",
      "targets": [
        {
          "datasource": {
            "uid": "$datasource"
          },
          "editorMode": "code",
          "expr": "os_free_physical_memory_size{job=\"$job\",instance=\"$instance\"}",
          "format": "time_series",
          "instant": true,
          "intervalFactor": 1,
          "refId": "A"
        }
      ],
      "title": "Free Physical Memory",
      "type": "stat"
    },
    {
      "datasource": {
        "type": "prometheus",
        "uid": "$datasource"
      },
      "description": "Represents the current load of CPU in the host system for the last minute.",
      "fieldConfig": {
        "defaults": {
          "color": {
            "mode": "thresholds"
          },
          "mappings": [
            {
              "options": {
                "match": "null",
                "result": {
                  "text": "N/A"
                }
              },
              "type": "special"
            }
          ],
          "thresholds": {
            "mode": "absolute",
            "steps": [
              {
                "color": "green",
                "value": null
              }
            ]
          },
          "unit": "none",
          "unitScale": true
        },
        "overrides": []
      },
      "gridPos": {
        "h": 4,
        "w": 4,
        "x": 14,
        "y": 15
      },
      "id": 36,
      "links": [],
      "maxDataPoints": 100,
      "options": {
        "colorMode": "none",
        "graphMode": "none",
        "justifyMode": "auto",
        "orientation": "horizontal",
        "reduceOptions": {
          "calcs": [
            "mean"
          ],
          "fields": "",
          "values": false
        },
        "showPercentChange": false,
        "textMode": "auto",
        "wideLayout": true
      },
      "pluginVersion": "10.3.3",
      "targets": [
        {
          "datasource": {
            "uid": "$datasource"
          },
          "editorMode": "code",
          "expr": "os_system_load_average{job=\"$job\",instance=\"$instance\"}",
          "format": "time_series",
          "instant": true,
          "intervalFactor": 1,
          "refId": "A"
        }
      ],
      "title": "System Load Average",
      "type": "stat"
    },
    {
      "datasource": {
        "type": "prometheus",
        "uid": "$datasource"
      },
      "description": "Represents the CPU load in this process",
      "fieldConfig": {
        "defaults": {
          "color": {
            "mode": "palette-classic"
          },
          "custom": {
            "axisBorderShow": false,
            "axisCenteredZero": false,
            "axisColorMode": "text",
            "axisLabel": "",
            "axisPlacement": "auto",
            "barAlignment": 0,
            "drawStyle": "line",
            "fillOpacity": 10,
            "gradientMode": "none",
            "hideFrom": {
              "legend": false,
              "tooltip": false,
              "viz": false
            },
            "insertNulls": false,
            "lineInterpolation": "linear",
            "lineWidth": 1,
            "pointSize": 5,
            "scaleDistribution": {
              "type": "linear"
            },
            "showPoints": "never",
            "spanNulls": false,
            "stacking": {
              "group": "A",
              "mode": "none"
            },
            "thresholdsStyle": {
              "mode": "off"
            }
          },
          "decimals": 1,
          "mappings": [],
          "thresholds": {
            "mode": "absolute",
            "steps": [
              {
                "color": "green",
                "value": null
              },
              {
                "color": "red",
                "value": 80
              }
            ]
          },
          "unit": "percentunit",
          "unitScale": true
        },
        "overrides": []
      },
      "gridPos": {
        "h": 8,
        "w": 12,
        "x": 0,
        "y": 19
      },
      "id": 52,
      "links": [],
      "options": {
        "legend": {
          "calcs": [
            "lastNotNull",
            "max"
          ],
          "displayMode": "table",
          "placement": "bottom",
          "showLegend": true
        },
        "tooltip": {
          "mode": "multi",
          "sort": "none"
        }
      },
      "pluginVersion": "10.0.3",
      "targets": [
        {
          "datasource": {
            "uid": "$datasource"
          },
          "expr": "os_system_cpu_load{job=\"$job\",instance=\"$instance\"}",
          "format": "time_series",
          "intervalFactor": 1,
          "legendFormat": "System",
          "refId": "B"
        },
        {
          "datasource": {
            "uid": "$datasource"
          },
          "editorMode": "code",
          "expr": "os_process_cpu_load{job=\"$job\",instance=\"$instance\"}",
          "format": "time_series",
          "intervalFactor": 1,
          "legendFormat": "Enforcer",
          "range": true,
          "refId": "A"
        }
      ],
      "title": "CPU Load",
      "type": "timeseries"
    },
    {
      "datasource": {
        "type": "prometheus",
        "uid": "c7f33001-01b7-4bee-abe7-7d65d959b6f8"
      },
      "description": "Represents the current load of CPU in the host system for the last minute.",
      "fieldConfig": {
        "defaults": {
          "color": {
            "mode": "palette-classic"
          },
          "custom": {
            "axisBorderShow": false,
            "axisCenteredZero": false,
            "axisColorMode": "text",
            "axisLabel": "",
            "axisPlacement": "auto",
            "barAlignment": 0,
            "drawStyle": "line",
            "fillOpacity": 10,
            "gradientMode": "none",
            "hideFrom": {
              "legend": false,
              "tooltip": false,
              "viz": false
            },
            "insertNulls": false,
            "lineInterpolation": "linear",
            "lineWidth": 1,
            "pointSize": 1,
            "scaleDistribution": {
              "type": "linear"
            },
            "showPoints": "auto",
            "spanNulls": false,
            "stacking": {
              "group": "A",
              "mode": "none"
            },
            "thresholdsStyle": {
              "mode": "off"
            }
          },
          "displayName": "Load Avg",
          "mappings": [],
          "thresholds": {
            "mode": "absolute",
            "steps": [
              {
                "color": "green",
                "value": null
              },
              {
                "color": "red",
                "value": 80
              }
            ]
          },
          "unitScale": true
        },
        "overrides": []
      },
      "gridPos": {
        "h": 8,
        "w": 12,
        "x": 12,
        "y": 19
      },
      "id": 87,
      "options": {
        "legend": {
          "calcs": [
            "lastNotNull",
            "mean",
            "max",
            "min"
          ],
          "displayMode": "table",
          "placement": "bottom",
          "showLegend": true
        },
        "tooltip": {
          "mode": "single",
          "sort": "none"
        }
      },
      "targets": [
        {
          "datasource": {
            "type": "prometheus",
            "uid": "c7f33001-01b7-4bee-abe7-7d65d959b6f8"
          },
          "editorMode": "code",
          "expr": "os_system_load_average{job=\"$job\",instance=\"$instance\"}",
          "instant": false,
          "range": true,
          "refId": "A"
        }
      ],
      "title": "System Load Average (1 Min)",
      "type": "timeseries"
    },
    {
      "datasource": {
        "type": "prometheus",
        "uid": "$datasource"
      },
      "description": "",
      "fieldConfig": {
        "defaults": {
          "color": {
            "mode": "palette-classic"
          },
          "custom": {
            "axisBorderShow": false,
            "axisCenteredZero": false,
            "axisColorMode": "text",
            "axisLabel": "",
            "axisPlacement": "auto",
            "barAlignment": 0,
            "drawStyle": "line",
            "fillOpacity": 10,
            "gradientMode": "none",
            "hideFrom": {
              "legend": false,
              "tooltip": false,
              "viz": false
            },
            "insertNulls": false,
            "lineInterpolation": "linear",
            "lineWidth": 1,
            "pointSize": 5,
            "scaleDistribution": {
              "type": "linear"
            },
            "showPoints": "never",
            "spanNulls": false,
            "stacking": {
              "group": "A",
              "mode": "none"
            },
            "thresholdsStyle": {
              "mode": "off"
            }
          },
          "mappings": [],
          "thresholds": {
            "mode": "absolute",
            "steps": [
              {
                "color": "green"
              },
              {
                "color": "red",
                "value": 80
              }
            ]
          },
          "unit": "bytes",
          "unitScale": true
        },
        "overrides": []
      },
      "gridPos": {
        "h": 9,
        "w": 12,
        "x": 6,
        "y": 27
      },
      "id": 53,
      "links": [],
      "options": {
        "legend": {
          "calcs": [
            "lastNotNull",
            "max",
            "min"
          ],
          "displayMode": "table",
          "placement": "bottom",
          "showLegend": true
        },
        "tooltip": {
          "mode": "multi",
          "sort": "none"
        }
      },
      "pluginVersion": "10.0.3",
      "targets": [
        {
          "datasource": {
            "uid": "$datasource"
          },
          "editorMode": "code",
          "expr": "os_total_physical_memory_size{job=\"$job\",instance=\"$instance\"}",
          "format": "time_series",
          "intervalFactor": 1,
          "legendFormat": "Total Physical Memory",
          "range": true,
          "refId": "A"
        },
        {
          "datasource": {
            "uid": "$datasource"
          },
          "editorMode": "code",
          "expr": "os_committed_virtual_memory_size{job=\"$job\",instance=\"$instance\"}",
          "format": "time_series",
          "intervalFactor": 1,
          "legendFormat": "Committed Virtual Memory",
          "range": true,
          "refId": "B"
        },
        {
          "datasource": {
            "uid": "$datasource"
          },
          "editorMode": "code",
          "expr": "os_free_physical_memory_size{job=\"$job\",instance=\"$instance\"}",
          "format": "time_series",
          "intervalFactor": 1,
          "legendFormat": "Free Physical Memory",
          "range": true,
          "refId": "C"
        }
      ],
      "title": "Memory",
      "type": "timeseries"
    },
    {
      "datasource": {
        "type": "prometheus",
        "uid": "c7f33001-01b7-4bee-abe7-7d65d959b6f8"
      },
      "description": "Used/committed bytes of JVM memory area (heap)",
      "fieldConfig": {
        "defaults": {
          "color": {
            "mode": "palette-classic"
          },
          "custom": {
            "axisBorderShow": false,
            "axisCenteredZero": false,
            "axisColorMode": "text",
            "axisLabel": "",
            "axisPlacement": "auto",
            "barAlignment": 0,
            "drawStyle": "line",
            "fillOpacity": 10,
            "gradientMode": "none",
            "hideFrom": {
              "legend": false,
              "tooltip": false,
              "viz": false
            },
            "insertNulls": false,
            "lineInterpolation": "linear",
            "lineWidth": 1,
            "pointSize": 1,
            "scaleDistribution": {
              "type": "linear"
            },
            "showPoints": "auto",
            "spanNulls": false,
            "stacking": {
              "group": "A",
              "mode": "none"
            },
            "thresholdsStyle": {
              "mode": "off"
            }
          },
          "mappings": [],
          "thresholds": {
            "mode": "absolute",
            "steps": [
              {
                "color": "green"
              },
              {
                "color": "red",
                "value": 80
              }
            ]
          },
          "unit": "bytes",
          "unitScale": true
        },
        "overrides": []
      },
      "gridPos": {
        "h": 8,
        "w": 12,
        "x": 0,
        "y": 36
      },
      "id": 7,
      "options": {
        "legend": {
          "calcs": [
            "lastNotNull",
            "mean",
            "max",
            "min"
          ],
          "displayMode": "table",
          "placement": "bottom",
          "showLegend": true,
          "sortBy": "Min",
          "sortDesc": true
        },
        "tooltip": {
          "mode": "single",
          "sort": "none"
        }
      },
      "targets": [
        {
          "datasource": {
            "type": "prometheus",
            "uid": "c7f33001-01b7-4bee-abe7-7d65d959b6f8"
          },
          "editorMode": "builder",
          "exemplar": false,
          "expr": "jvm_memory_bytes_used{area=\"heap\"}",
          "instant": false,
          "legendFormat": "Used",
          "range": true,
          "refId": "A"
        },
        {
          "datasource": {
            "type": "prometheus",
            "uid": "c7f33001-01b7-4bee-abe7-7d65d959b6f8"
          },
          "editorMode": "builder",
          "exemplar": false,
          "expr": "jvm_memory_bytes_committed{area=\"heap\"}",
          "hide": false,
          "instant": false,
          "legendFormat": "Commited",
          "range": true,
          "refId": "B"
        }
      ],
      "title": "Memory Heap",
      "type": "timeseries"
    },
    {
      "datasource": {
        "type": "prometheus",
        "uid": "c7f33001-01b7-4bee-abe7-7d65d959b6f8"
      },
      "description": "Used/committed bytes of JVM memory area (non-heap)",
      "fieldConfig": {
        "defaults": {
          "color": {
            "mode": "palette-classic"
          },
          "custom": {
            "axisBorderShow": false,
            "axisCenteredZero": false,
            "axisColorMode": "text",
            "axisLabel": "",
            "axisPlacement": "auto",
            "barAlignment": 0,
            "drawStyle": "line",
            "fillOpacity": 10,
            "gradientMode": "none",
            "hideFrom": {
              "legend": false,
              "tooltip": false,
              "viz": false
            },
            "insertNulls": false,
            "lineInterpolation": "linear",
            "lineWidth": 1,
            "pointSize": 1,
            "scaleDistribution": {
              "type": "linear"
            },
            "showPoints": "auto",
            "spanNulls": false,
            "stacking": {
              "group": "A",
              "mode": "none"
            },
            "thresholdsStyle": {
              "mode": "off"
            }
          },
          "decimals": 2,
          "mappings": [],
          "thresholds": {
            "mode": "absolute",
            "steps": [
              {
                "color": "green"
              },
              {
                "color": "red",
                "value": 80
              }
            ]
          },
          "unit": "bytes",
          "unitScale": true
        },
        "overrides": []
      },
      "gridPos": {
        "h": 8,
        "w": 12,
        "x": 12,
        "y": 36
      },
      "id": 8,
      "options": {
        "legend": {
          "calcs": [
            "lastNotNull",
            "mean",
            "max",
            "min"
          ],
          "displayMode": "table",
          "placement": "bottom",
          "showLegend": true
        },
        "tooltip": {
          "mode": "single",
          "sort": "none"
        }
      },
      "targets": [
        {
          "datasource": {
            "type": "prometheus",
            "uid": "c7f33001-01b7-4bee-abe7-7d65d959b6f8"
          },
          "editorMode": "builder",
          "expr": "jvm_memory_bytes_used{area=\"nonheap\"}",
          "instant": false,
          "legendFormat": "Used",
          "range": true,
          "refId": "A"
        },
        {
          "datasource": {
            "type": "prometheus",
            "uid": "c7f33001-01b7-4bee-abe7-7d65d959b6f8"
          },
          "editorMode": "builder",
          "expr": "jvm_memory_bytes_committed{area=\"nonheap\"}",
          "hide": false,
          "instant": false,
          "legendFormat": "Committed",
          "range": true,
          "refId": "B"
        }
      ],
      "title": "Memory Non Heap",
      "type": "timeseries"
    },
    {
      "collapsed": false,
      "gridPos": {
        "h": 1,
        "w": 24,
        "x": 0,
        "y": 44
      },
      "id": 2,
      "panels": [],
      "title": "Auth Service Metrics",
      "type": "row"
    },
    {
      "datasource": {
        "type": "prometheus",
        "uid": "c7f33001-01b7-4bee-abe7-7d65d959b6f8"
      },
      "fieldConfig": {
        "defaults": {
          "color": {
            "mode": "palette-classic"
          },
          "custom": {
            "axisBorderShow": false,
            "axisCenteredZero": false,
            "axisColorMode": "text",
            "axisLabel": "",
            "axisPlacement": "auto",
            "barAlignment": 0,
            "drawStyle": "line",
            "fillOpacity": 22,
            "gradientMode": "none",
            "hideFrom": {
              "legend": false,
              "tooltip": false,
              "viz": false
            },
            "insertNulls": false,
            "lineInterpolation": "linear",
            "lineWidth": 1,
            "pointSize": 1,
            "scaleDistribution": {
              "type": "linear"
            },
            "showPoints": "auto",
            "spanNulls": false,
            "stacking": {
              "group": "A",
              "mode": "none"
            },
            "thresholdsStyle": {
              "mode": "off"
            }
          },
          "mappings": [],
          "thresholds": {
            "mode": "absolute",
            "steps": [
              {
                "color": "green"
              },
              {
                "color": "red",
                "value": 80
              }
            ]
          },
          "unit": "ms",
          "unitScale": true
        },
        "overrides": []
      },
      "gridPos": {
        "h": 12,
        "w": 12,
        "x": 0,
        "y": 45
      },
      "id": 1,
      "options": {
        "legend": {
          "calcs": [
            "min",
            "max",
            "lastNotNull"
          ],
          "displayMode": "table",
          "placement": "bottom",
          "showLegend": true
        },
        "tooltip": {
          "mode": "single",
          "sort": "none"
        }
      },
      "targets": [
        {
          "datasource": {
            "type": "prometheus",
            "uid": "c7f33001-01b7-4bee-abe7-7d65d959b6f8"
          },
          "disableTextWrap": false,
          "editorMode": "builder",
          "exemplar": false,
          "expr": "org_wso2_apk_enforcer_average_response_time_millis{job=\"$job\", instance=\"$instance\"}",
          "format": "time_series",
          "fullMetaSearch": false,
          "includeNullMetadata": true,
          "instant": false,
          "interval": "",
          "legendFormat": "Average Response Time",
          "range": true,
          "refId": "A",
          "useBackend": false
        }
      ],
      "title": "Average Response Time",
      "type": "timeseries"
    },
    {
      "datasource": {
        "type": "prometheus",
        "uid": "c7f33001-01b7-4bee-abe7-7d65d959b6f8"
      },
      "fieldConfig": {
        "defaults": {
          "color": {
            "mode": "thresholds"
          },
          "decimals": 0,
          "mappings": [],
          "noValue": "0",
          "thresholds": {
            "mode": "absolute",
            "steps": [
              {
                "color": "dark-green"
              }
            ]
          },
          "unitScale": true
        },
        "overrides": []
      },
      "gridPos": {
        "h": 8,
        "w": 6,
        "x": 12,
        "y": 45
      },
      "id": 3,
      "options": {
        "colorMode": "none",
        "graphMode": "area",
        "justifyMode": "auto",
        "orientation": "auto",
        "reduceOptions": {
          "calcs": [
            "lastNotNull"
          ],
          "fields": "",
          "values": false
        },
        "showPercentChange": false,
        "textMode": "value",
        "wideLayout": true
      },
      "pluginVersion": "10.3.3",
      "targets": [
        {
          "datasource": {
            "type": "prometheus",
            "uid": "c7f33001-01b7-4bee-abe7-7d65d959b6f8"
          },
          "disableTextWrap": false,
          "editorMode": "builder",
          "expr": "org_wso2_apk_enforcer_request_count_total{job=\"$job\", instance=\"$instance\"}",
          "fullMetaSearch": false,
          "includeNullMetadata": true,
          "instant": false,
          "range": true,
          "refId": "A",
          "useBackend": false
        }
      ],
      "title": "Total Request Count",
      "type": "stat"
    },
    {
      "datasource": {
        "type": "prometheus",
        "uid": "c7f33001-01b7-4bee-abe7-7d65d959b6f8"
      },
      "fieldConfig": {
        "defaults": {
          "color": {
            "mode": "thresholds"
          },
          "mappings": [],
          "max": 1000,
          "noValue": "0",
          "thresholds": {
            "mode": "absolute",
            "steps": [
              {
                "color": "green"
              }
            ]
          },
          "unit": "ms",
          "unitScale": true
        },
        "overrides": []
      },
      "gridPos": {
        "h": 4,
        "w": 6,
        "x": 18,
        "y": 45
      },
      "id": 4,
      "options": {
        "colorMode": "none",
        "graphMode": "none",
        "justifyMode": "auto",
        "orientation": "auto",
        "reduceOptions": {
          "calcs": [
            "lastNotNull"
          ],
          "fields": "/^org_wso2_apk_enforcer_max_response_time_millis\\{instance=\"localhost:18007\", job=\"enforcer\"\\}$/",
          "values": false
        },
        "showPercentChange": false,
        "text": {},
        "textMode": "value",
        "wideLayout": true
      },
      "pluginVersion": "10.3.3",
      "targets": [
        {
          "datasource": {
            "type": "prometheus",
            "uid": "c7f33001-01b7-4bee-abe7-7d65d959b6f8"
          },
          "disableTextWrap": false,
          "editorMode": "builder",
          "exemplar": false,
          "expr": "org_wso2_apk_enforcer_max_response_time_millis{job=\"$job\", instance=\"$instance\"}",
          "format": "time_series",
          "fullMetaSearch": false,
          "includeNullMetadata": true,
          "instant": false,
          "range": true,
          "refId": "A",
          "useBackend": false
        }
      ],
      "title": "Max Response Time",
      "type": "stat"
    },
    {
      "datasource": {
        "type": "prometheus",
        "uid": "c7f33001-01b7-4bee-abe7-7d65d959b6f8"
      },
      "fieldConfig": {
        "defaults": {
          "color": {
            "mode": "thresholds"
          },
          "fieldMinMax": false,
          "mappings": [
            {
              "options": {
                "0": {
                  "index": 0,
                  "text": "<1 ms"
                }
              },
              "type": "value"
            }
          ],
          "noValue": "0",
          "thresholds": {
            "mode": "absolute",
            "steps": [
              {
                "color": "green"
              }
            ]
          },
          "unit": "ms",
          "unitScale": true
        },
        "overrides": []
      },
      "gridPos": {
        "h": 4,
        "w": 6,
        "x": 18,
        "y": 49
      },
      "id": 96,
      "options": {
        "colorMode": "none",
        "graphMode": "none",
        "justifyMode": "auto",
        "orientation": "auto",
        "reduceOptions": {
          "calcs": [
            "lastNotNull"
          ],
          "fields": "",
          "values": false
        },
        "showPercentChange": false,
        "textMode": "auto",
        "wideLayout": true
      },
      "pluginVersion": "10.3.3",
      "targets": [
        {
          "datasource": {
            "type": "prometheus",
            "uid": "c7f33001-01b7-4bee-abe7-7d65d959b6f8"
          },
          "disableTextWrap": false,
          "editorMode": "builder",
          "expr": "org_wso2_apk_enforcer_min_response_time_millis{job=\"$job\", instance=\"$instance\"}",
          "fullMetaSearch": false,
          "includeNullMetadata": true,
          "instant": false,
          "range": true,
          "refId": "A",
          "useBackend": false
        }
      ],
      "title": "Min Response Time",
      "transformations": [],
      "type": "stat"
    },
    {
      "datasource": {
        "type": "prometheus",
        "uid": "c7f33001-01b7-4bee-abe7-7d65d959b6f8"
      },
      "description": "Total number of requests in the current 5 min window",
      "fieldConfig": {
        "defaults": {
          "color": {
            "mode": "thresholds"
          },
          "mappings": [],
          "noValue": "0",
          "thresholds": {
            "mode": "absolute",
            "steps": [
              {
                "color": "green"
              }
            ]
          },
          "unit": "none",
          "unitScale": true
        },
        "overrides": []
      },
      "gridPos": {
        "h": 4,
        "w": 6,
        "x": 12,
        "y": 53
      },
      "id": 5,
      "options": {
        "colorMode": "none",
        "graphMode": "none",
        "justifyMode": "auto",
        "orientation": "auto",
        "reduceOptions": {
          "calcs": [
            "lastNotNull"
          ],
          "fields": "",
          "values": false
        },
        "showPercentChange": false,
        "textMode": "auto",
        "wideLayout": true
      },
      "pluginVersion": "10.3.3",
      "targets": [
        {
          "datasource": {
            "type": "prometheus",
            "uid": "c7f33001-01b7-4bee-abe7-7d65d959b6f8"
          },
          "editorMode": "code",
          "exemplar": false,
          "expr": "org_wso2_apk_enforcer_request_count_in_last_five_minute_window{job=\"$job\", instance=\"$instance\"}  ",
          "format": "time_series",
          "instant": false,
          "legendFormat": "__auto",
          "range": true,
          "refId": "A"
        }
      ],
      "title": "Requests in 5 Min Window",
      "transformations": [],
      "type": "stat"
    },
    {
      "datasource": {
        "type": "prometheus",
        "uid": "c7f33001-01b7-4bee-abe7-7d65d959b6f8"
      },
      "description": "",
      "fieldConfig": {
        "defaults": {
          "color": {
            "mode": "thresholds"
          },
          "mappings": [],
          "noValue": "0",
          "thresholds": {
            "mode": "absolute",
            "steps": [
              {
                "color": "green"
              }
            ]
          },
          "unit": "dateTimeAsIsoNoDateIfToday",
          "unitScale": true
        },
        "overrides": []
      },
      "gridPos": {
        "h": 4,
        "w": 6,
        "x": 18,
        "y": 53
      },
      "id": 97,
      "options": {
        "colorMode": "none",
        "graphMode": "none",
        "justifyMode": "auto",
        "orientation": "auto",
        "reduceOptions": {
          "calcs": [
            "lastNotNull"
          ],
          "fields": "",
          "values": false
        },
        "showPercentChange": false,
        "textMode": "auto",
        "wideLayout": true
      },
      "pluginVersion": "10.3.3",
      "targets": [
        {
          "datasource": {
            "type": "prometheus",
            "uid": "c7f33001-01b7-4bee-abe7-7d65d959b6f8"
          },
          "editorMode": "code",
          "expr": "org_wso2_apk_enforcer_request_count_window_start_time_millis{job=\"$job\", instance=\"$instance\"}",
          "instant": false,
          "legendFormat": "Request Count",
          "range": true,
          "refId": "A"
        }
      ],
      "title": "5 Min Window Start Time",
      "transformations": [],
      "type": "stat"
    },
    {
      "datasource": {
        "type": "prometheus",
        "uid": "c7f33001-01b7-4bee-abe7-7d65d959b6f8"
      },
      "fieldConfig": {
        "defaults": {
          "color": {
            "mode": "thresholds"
          },
          "mappings": [],
          "thresholds": {
            "mode": "absolute",
            "steps": [
              {
                "color": "green"
              }
            ]
          },
          "unitScale": true
        },
        "overrides": []
      },
      "gridPos": {
        "h": 5,
        "w": 12,
        "x": 6,
        "y": 57
      },
      "id": 63,
      "options": {
        "colorMode": "value",
        "graphMode": "none",
        "justifyMode": "auto",
        "orientation": "vertical",
        "reduceOptions": {
          "calcs": [
            "lastNotNull"
          ],
          "fields": "",
          "values": false
        },
        "showPercentChange": false,
        "textMode": "value_and_name",
        "wideLayout": true
      },
      "pluginVersion": "10.3.3",
      "targets": [
        {
          "datasource": {
            "type": "prometheus",
            "uid": "c7f33001-01b7-4bee-abe7-7d65d959b6f8"
          },
          "disableTextWrap": false,
          "editorMode": "builder",
          "expr": "org_wso2_apk_enforcer_thread_pool_core_size{job=\"$job\", instance=\"$instance\"}",
          "fullMetaSearch": false,
          "includeNullMetadata": true,
          "instant": false,
          "legendFormat": "Core Size",
          "range": true,
          "refId": "A",
          "useBackend": false
        },
        {
          "datasource": {
            "type": "prometheus",
            "uid": "c7f33001-01b7-4bee-abe7-7d65d959b6f8"
          },
          "editorMode": "code",
          "expr": "org_wso2_choreo_connect_enforcer_thread_pool_max_size{job=\"$job\", instance=\"$instance\"}",
          "hide": false,
          "instant": false,
          "legendFormat": "Max Size",
          "range": true,
          "refId": "B"
        },
        {
          "datasource": {
            "type": "prometheus",
            "uid": "c7f33001-01b7-4bee-abe7-7d65d959b6f8"
          },
          "editorMode": "code",
          "expr": "org_wso2_choreo_connect_enforcer_thread_pool_queue_size{job=\"$job\", instance=\"$instance\"}",
          "hide": false,
          "instant": false,
          "legendFormat": "Queue Size",
          "range": true,
          "refId": "C"
        },
        {
          "datasource": {
            "type": "prometheus",
            "uid": "c7f33001-01b7-4bee-abe7-7d65d959b6f8"
          },
          "editorMode": "code",
          "expr": "org_wso2_choreo_connect_enforcer_thread_pool_keep_alive_time{job=\"$job\", instance=\"$instance\"}",
          "hide": false,
          "instant": false,
          "legendFormat": "Keep Alive Time",
          "range": true,
          "refId": "D"
        }
      ],
      "title": "Thread Pool",
      "type": "stat"
    },
    {
      "collapsed": false,
      "gridPos": {
        "h": 1,
        "w": 24,
        "x": 0,
        "y": 62
      },
      "id": 55,
      "panels": [],
      "title": "More Metrics",
      "type": "row"
    },
    {
      "datasource": {
        "type": "prometheus",
        "uid": "$datasource"
      },
      "description": "The number of different thread types running at the current moment",
      "fieldConfig": {
        "defaults": {
          "color": {
            "mode": "palette-classic"
          },
          "custom": {
            "axisBorderShow": false,
            "axisCenteredZero": false,
            "axisColorMode": "text",
            "axisLabel": "",
            "axisPlacement": "auto",
            "barAlignment": 0,
            "drawStyle": "line",
            "fillOpacity": 10,
            "gradientMode": "none",
            "hideFrom": {
              "legend": false,
              "tooltip": false,
              "viz": false
            },
            "insertNulls": false,
            "lineInterpolation": "linear",
            "lineWidth": 1,
            "pointSize": 5,
            "scaleDistribution": {
              "type": "linear"
            },
            "showPoints": "never",
            "spanNulls": false,
            "stacking": {
              "group": "A",
              "mode": "none"
            },
            "thresholdsStyle": {
              "mode": "off"
            }
          },
          "decimals": 0,
          "mappings": [],
          "thresholds": {
            "mode": "absolute",
            "steps": [
              {
                "color": "green"
              },
              {
                "color": "red",
                "value": 80
              }
            ]
          },
          "unit": "short",
          "unitScale": true
        },
        "overrides": []
      },
      "gridPos": {
        "h": 7,
        "w": 12,
        "x": 0,
        "y": 63
      },
      "id": 12,
      "links": [],
      "options": {
        "legend": {
          "calcs": [
            "lastNotNull",
            "max"
          ],
          "displayMode": "table",
          "placement": "bottom",
          "showLegend": true
        },
        "tooltip": {
          "mode": "multi",
          "sort": "none"
        }
      },
      "pluginVersion": "10.0.3",
      "targets": [
        {
          "datasource": {
            "uid": "$datasource"
          },
          "editorMode": "builder",
          "expr": "jvm_threads_current{job=\"$job\", instance=\"$instance\"}",
          "format": "time_series",
          "intervalFactor": 5,
          "legendFormat": "Current Threads",
          "metric": "jvm_threads_current",
          "range": true,
          "refId": "A",
          "step": 10
        },
        {
          "datasource": {
            "uid": "$datasource"
          },
          "editorMode": "builder",
          "expr": "jvm_threads_daemon{job=\"$job\",instance=\"$instance\"}",
          "format": "time_series",
          "intervalFactor": 5,
          "legendFormat": "Daemon Threads",
          "metric": "jvm_threads_daemon",
          "range": true,
          "refId": "B",
          "step": 10
        },
        {
          "datasource": {
            "uid": "$datasource"
          },
          "editorMode": "builder",
          "expr": "jvm_threads_deadlocked{job=\"$job\",instance=\"$instance\"}",
          "format": "time_series",
          "intervalFactor": 1,
          "legendFormat": "Deadlocked Threads",
          "range": true,
          "refId": "C"
        }
      ],
      "title": "Threads Count",
      "type": "timeseries"
    },
    {
      "datasource": {
        "type": "prometheus",
        "uid": "$datasource"
      },
      "description": "This is the number of classes that are currently loaded in the JVM",
      "fieldConfig": {
        "defaults": {
          "color": {
            "mode": "palette-classic"
          },
          "custom": {
            "axisBorderShow": false,
            "axisCenteredZero": false,
            "axisColorMode": "text",
            "axisLabel": "",
            "axisPlacement": "auto",
            "barAlignment": 0,
            "drawStyle": "line",
            "fillOpacity": 10,
            "gradientMode": "none",
            "hideFrom": {
              "legend": false,
              "tooltip": false,
              "viz": false
            },
            "insertNulls": false,
            "lineInterpolation": "linear",
            "lineWidth": 1,
            "pointSize": 5,
            "scaleDistribution": {
              "type": "linear"
            },
            "showPoints": "never",
            "spanNulls": false,
            "stacking": {
              "group": "A",
              "mode": "none"
            },
            "thresholdsStyle": {
              "mode": "off"
            }
          },
          "decimals": 0,
          "mappings": [],
          "thresholds": {
            "mode": "absolute",
            "steps": [
              {
                "color": "green"
              },
              {
                "color": "red",
                "value": 80
              }
            ]
          },
          "unit": "short",
          "unitScale": true
        },
        "overrides": []
      },
      "gridPos": {
        "h": 7,
        "w": 12,
        "x": 12,
        "y": 63
      },
      "id": 13,
      "links": [],
      "options": {
        "legend": {
          "calcs": [
            "lastNotNull",
            "max",
            "min"
          ],
          "displayMode": "table",
          "placement": "bottom",
          "showLegend": true
        },
        "tooltip": {
          "mode": "multi",
          "sort": "none"
        }
      },
      "pluginVersion": "10.0.3",
      "targets": [
        {
          "datasource": {
            "uid": "$datasource"
          },
          "editorMode": "code",
          "exemplar": false,
          "expr": "jvm_classes_currently_loaded{job=\"$job\", instance=\"$instance\"}",
          "format": "time_series",
          "interval": "",
          "intervalFactor": 5,
          "legendFormat": "Currently Loaded Classes",
          "metric": "jvm_classes_loaded",
          "range": true,
          "refId": "A",
          "step": 10
        }
      ],
      "title": "Class Loading",
      "type": "timeseries"
    },
    {
      "datasource": {
        "type": "prometheus",
        "uid": "c7f33001-01b7-4bee-abe7-7d65d959b6f8"
      },
      "description": "",
      "fieldConfig": {
        "defaults": {
          "color": {
            "mode": "palette-classic"
          },
          "custom": {
            "axisBorderShow": false,
            "axisCenteredZero": false,
            "axisColorMode": "text",
            "axisLabel": "",
            "axisPlacement": "auto",
            "barAlignment": 0,
            "drawStyle": "line",
            "fillOpacity": 10,
            "gradientMode": "none",
            "hideFrom": {
              "legend": false,
              "tooltip": false,
              "viz": false
            },
            "insertNulls": false,
            "lineInterpolation": "linear",
            "lineWidth": 1,
            "pointSize": 1,
            "scaleDistribution": {
              "type": "linear"
            },
            "showPoints": "auto",
            "spanNulls": false,
            "stacking": {
              "group": "A",
              "mode": "none"
            },
            "thresholdsStyle": {
              "mode": "off"
            }
          },
          "decimals": 0,
          "displayName": "Open FDs",
          "mappings": [],
          "thresholds": {
            "mode": "absolute",
            "steps": [
              {
                "color": "green"
              },
              {
                "color": "red",
                "value": 80
              }
            ]
          },
          "unit": "none",
          "unitScale": true
        },
        "overrides": []
      },
      "gridPos": {
        "h": 8,
        "w": 12,
        "x": 0,
        "y": 70
      },
      "id": 95,
      "options": {
        "legend": {
          "calcs": [],
          "displayMode": "list",
          "placement": "bottom",
          "showLegend": true
        },
        "tooltip": {
          "mode": "single",
          "sort": "none"
        }
      },
      "targets": [
        {
          "datasource": {
            "type": "prometheus",
            "uid": "c7f33001-01b7-4bee-abe7-7d65d959b6f8"
          },
          "editorMode": "code",
          "expr": "process_open_fds{job=\"$job\",instance=\"$instance\"}",
          "instant": false,
          "range": true,
          "refId": "A"
        }
      ],
      "title": "Open File Descriptors",
      "type": "timeseries"
    },
    {
      "datasource": {
        "type": "prometheus",
        "uid": "$datasource"
      },
      "description": "Change in the total time spent on JVM garbage collection within the specified interval",
      "fieldConfig": {
        "defaults": {
          "color": {
            "mode": "palette-classic"
          },
          "custom": {
            "axisBorderShow": false,
            "axisCenteredZero": false,
            "axisColorMode": "text",
            "axisLabel": "",
            "axisPlacement": "auto",
            "barAlignment": 0,
            "drawStyle": "line",
            "fillOpacity": 10,
            "gradientMode": "none",
            "hideFrom": {
              "legend": false,
              "tooltip": false,
              "viz": false
            },
            "insertNulls": false,
            "lineInterpolation": "linear",
            "lineWidth": 1,
            "pointSize": 5,
            "scaleDistribution": {
              "type": "linear"
            },
            "showPoints": "never",
            "spanNulls": false,
            "stacking": {
              "group": "A",
              "mode": "none"
            },
            "thresholdsStyle": {
              "mode": "off"
            }
          },
          "mappings": [],
          "thresholds": {
            "mode": "absolute",
            "steps": [
              {
                "color": "green"
              },
              {
                "color": "red",
                "value": 80
              }
            ]
          },
          "unit": "s",
          "unitScale": true
        },
        "overrides": []
      },
      "gridPos": {
        "h": 8,
        "w": 12,
        "x": 12,
        "y": 70
      },
      "id": 10,
      "links": [],
      "options": {
        "legend": {
          "calcs": [
            "lastNotNull",
            "max",
            "min"
          ],
          "displayMode": "table",
          "placement": "bottom",
          "showLegend": true
        },
        "tooltip": {
          "mode": "multi",
          "sort": "none"
        }
      },
      "pluginVersion": "10.0.3",
      "targets": [
        {
          "datasource": {
            "uid": "$datasource"
          },
          "disableTextWrap": false,
          "editorMode": "builder",
          "expr": "increase(jvm_gc_collection_seconds_sum{job=\"$job\", instance=~\"$instance\"}[5m])",
          "format": "time_series",
          "fullMetaSearch": false,
          "includeNullMetadata": true,
          "interval": "60s",
          "intervalFactor": 1,
          "legendFormat": "{{gc}}",
          "metric": "jvm_gc_collection_seconds_sum",
          "range": true,
          "refId": "A",
          "step": 10,
          "useBackend": false
        }
      ],
      "title": "Garbage Collection Time",
      "type": "timeseries"
    },
    {
      "datasource": {
        "type": "prometheus",
        "uid": "$datasource"
      },
      "description": "Total bytes allocated in a given JVM memory pool. Only updated after GC, not continuously.",
      "fieldConfig": {
        "defaults": {
          "color": {
            "mode": "palette-classic"
          },
          "custom": {
            "axisBorderShow": false,
            "axisCenteredZero": false,
            "axisColorMode": "text",
            "axisLabel": "",
            "axisPlacement": "auto",
            "barAlignment": 0,
            "drawStyle": "line",
            "fillOpacity": 10,
            "gradientMode": "none",
            "hideFrom": {
              "legend": false,
              "tooltip": false,
              "viz": false
            },
            "insertNulls": false,
            "lineInterpolation": "linear",
            "lineWidth": 1,
            "pointSize": 5,
            "scaleDistribution": {
              "type": "linear"
            },
            "showPoints": "never",
            "spanNulls": false,
            "stacking": {
              "group": "A",
              "mode": "none"
            },
            "thresholdsStyle": {
              "mode": "off"
            }
          },
          "mappings": [],
          "thresholds": {
            "mode": "absolute",
            "steps": [
              {
                "color": "green"
              },
              {
                "color": "red",
                "value": 80
              }
            ]
          },
          "unit": "bytes",
          "unitScale": true
        },
        "overrides": []
      },
      "gridPos": {
        "h": 8,
        "w": 8,
        "x": 0,
        "y": 78
      },
      "id": 14,
      "links": [],
      "maxPerRow": 3,
      "options": {
        "legend": {
          "calcs": [
            "mean",
            "lastNotNull",
            "max",
            "min"
          ],
          "displayMode": "table",
          "placement": "bottom",
          "showLegend": true
        },
        "tooltip": {
          "mode": "multi",
          "sort": "none"
        }
      },
      "pluginVersion": "10.0.3",
      "repeat": "mempool",
      "repeatDirection": "h",
      "targets": [
        {
          "datasource": {
            "uid": "$datasource"
          },
          "editorMode": "code",
          "exemplar": false,
          "expr": "jvm_memory_pool_bytes_used{pool=\"${mempool:raw}\", job=\"$job\", instance=\"$instance\"}",
          "format": "time_series",
          "interval": "",
          "intervalFactor": 1,
          "legendFormat": "Used",
          "metric": "jvm_memory_bytes_used",
          "range": true,
          "refId": "A",
          "step": 5
        },
        {
          "datasource": {
            "uid": "$datasource"
          },
          "editorMode": "code",
          "expr": "jvm_memory_pool_bytes_committed{pool=\"${mempool:raw}\",job=\"$job\",instance=\"$instance\"}",
          "format": "time_series",
          "interval": "",
          "intervalFactor": 1,
          "legendFormat": "Committed",
          "metric": "jvm_memory_bytes_used",
          "range": true,
          "refId": "C",
          "step": 5
        }
      ],
      "title": "Memory pool - $mempool",
      "type": "timeseries"
    }
  ],
  "refresh": "5s",
  "schemaVersion": 39,
  "tags": [
    "Prometheus",
    "JVM",
    "APK"
  ],
  "templating": {
    "list": [
      {
        "current": {
          "selected": false,
          "text": "Prometheus",
          "value": "c7f33001-01b7-4bee-abe7-7d65d959b6f8"
        },
        "hide": 0,
        "includeAll": false,
        "multi": false,
        "name": "datasource",
        "options": [],
        "query": "prometheus",
        "queryValue": "",
        "refresh": 1,
        "regex": "",
        "skipUrlSync": false,
        "type": "datasource"
      },
      {
        "current": {
          "selected": false,
          "text": "enforcer",
          "value": "enforcer"
        },
        "hide": 0,
        "label": "job",
        "name": "job",
        "options": [
          {
            "selected": true,
            "text": "enforcer",
            "value": "enforcer"
          }
        ],
        "query": "enforcer",
        "skipUrlSync": false,
        "type": "textbox"
      },
      {
        "current": {},
        "datasource": {
          "type": "prometheus",
          "uid": "c7f33001-01b7-4bee-abe7-7d65d959b6f8"
        },
        "definition": "label_values(jvm_info{job=\"$job\"},instance)",
        "hide": 0,
        "includeAll": false,
        "multi": false,
        "name": "instance",
        "options": [],
        "query": {
          "query": "label_values(jvm_info{job=\"$job\"},instance)",
          "refId": "PrometheusVariableQueryEditor-VariableQuery"
        },
        "refresh": 1,
        "regex": "",
        "skipUrlSync": false,
        "sort": 0,
        "type": "query"
      },
      {
        "current": {},
        "datasource": {
          "uid": "$datasource"
        },
        "definition": "label_values(jvm_memory_pool_bytes_max{job=\"$job\", instance=\"$instance\"},pool)",
        "hide": 2,
        "includeAll": true,
        "multi": true,
        "name": "mempool",
        "options": [],
        "query": {
          "query": "label_values(jvm_memory_pool_bytes_max{job=\"$job\", instance=\"$instance\"},pool)",
          "refId": "PrometheusVariableQueryEditor-VariableQuery"
        },
        "refresh": 1,
        "regex": "",
        "skipUrlSync": false,
        "sort": 1,
        "tagValuesQuery": "",
        "tagsQuery": "",
        "type": "query",
        "useTags": false
      }
    ]
  },
  "time": {
    "from": "now-30m",
    "to": "now"
  },
  "timepicker": {},
  "timezone": "",
  "title": "APK Enforcer",
  "uid": "ccdc0155-296c-410c-a984-8166a0fc3167",
  "version": 26,
  "weekStart": ""
}