{
  "annotations": {
    "list": [
      {
        "builtIn": 1,
        "datasource": {
          "type": "grafana",
          "uid": "-- Grafana --"
        },
        "enable": true,
        "hide": true,
        "iconColor": "rgba(0, 211, 255, 1)",
        "name": "Annotations & Alerts",
        "type": "dashboard"
      }
    ]
  },
  "description": "This dashboard visualizes key APK Common Controller metrics, including CPU usage, memory consumption, and garbage collector activity. ",
  "editable": true,
  "fiscalYearStartMonth": 0,
  "graphTooltip": 0,
  "id": 4,
  "links": [],
  "liveNow": false,
  "panels": [
    {
      "datasource": {
        "uid": "$datasource"
      },
      "fieldConfig": {
        "defaults": {
          "color": {
            "mode": "thresholds"
          },
          "mappings": [
            {
              "options": {
                "0": {
                  "text": "DOWN"
                },
                "1": {
                  "text": "UP"
                }
              },
              "type": "value"
            },
            {
              "options": {
                "match": "null",
                "result": {
                  "text": "DOWN"
                }
              },
              "type": "special"
            }
          ],
          "thresholds": {
            "mode": "absolute",
            "steps": [
              {
                "color": "#d44a3a",
                "value": null
              },
              {
                "color": "#e24d42",
                "value": 0
              },
              {
                "color": "#299c46",
                "value": 1
              }
            ]
          },
          "unit": "none",
          "unitScale": true
        },
        "overrides": []
      },
      "gridPos": {
        "h": 4,
        "w": 3,
        "x": 4,
        "y": 0
      },
      "hideTimeOverride": false,
      "id": 2,
      "links": [],
      "maxDataPoints": 100,
      "options": {
        "colorMode": "value",
        "graphMode": "none",
        "justifyMode": "auto",
        "orientation": "horizontal",
        "reduceOptions": {
          "calcs": [
            "lastNotNull"
          ],
          "fields": "",
          "values": false
        },
        "showPercentChange": false,
        "textMode": "auto",
        "wideLayout": true
      },
      "pluginVersion": "10.3.3",
      "targets": [
        {
          "datasource": {
            "uid": "$datasource"
          },
          "expr": "up{job=\"$job\",instance=\"$instance\"}",
          "format": "time_series",
          "instant": true,
          "intervalFactor": 1,
          "refId": "A"
        }
      ],
      "title": "Status",
      "type": "stat"
    },
    {
      "datasource": {
        "uid": "$datasource"
      },
      "fieldConfig": {
        "defaults": {
          "color": {
            "mode": "thresholds"
          },
          "decimals": 0,
          "mappings": [
            {
              "options": {
                "match": "null",
                "result": {
                  "text": "N/A"
                }
              },
              "type": "special"
            }
          ],
          "thresholds": {
            "mode": "absolute",
            "steps": [
              {
                "color": "green",
                "value": null
              }
            ]
          },
          "unit": "s",
          "unitScale": true
        },
        "overrides": []
      },
      "gridPos": {
        "h": 4,
        "w": 4,
        "x": 7,
        "y": 0
      },
      "id": 3,
      "links": [],
      "maxDataPoints": 100,
      "options": {
        "colorMode": "none",
        "graphMode": "none",
        "justifyMode": "auto",
        "orientation": "horizontal",
        "reduceOptions": {
          "calcs": [
            "lastNotNull"
          ],
          "fields": "",
          "values": false
        },
        "showPercentChange": false,
        "textMode": "auto",
        "wideLayout": true
      },
      "pluginVersion": "10.3.3",
      "targets": [
        {
          "datasource": {
            "uid": "$datasource"
          },
          "expr": "time() - process_start_time_seconds{job=\"$job\",instance=\"$instance\"}",
          "format": "time_series",
          "instant": true,
          "intervalFactor": 1,
          "refId": "A"
        }
      ],
      "title": "Uptime",
      "type": "stat"
    },
    {
      "datasource": {
        "uid": "$datasource"
      },
      "fieldConfig": {
        "defaults": {
          "color": {
            "mode": "thresholds"
          },
          "mappings": [
            {
              "options": {
                "match": "null",
                "result": {
                  "text": "N/A"
                }
              },
              "type": "special"
            }
          ],
          "thresholds": {
            "mode": "absolute",
            "steps": [
              {
                "color": "#299c46",
                "value": null
              }
            ]
          },
          "unit": "dateTimeAsIso",
          "unitScale": true
        },
        "overrides": []
      },
      "gridPos": {
        "h": 4,
        "w": 4,
        "x": 11,
        "y": 0
      },
      "id": 4,
      "interval": "",
      "links": [],
      "maxDataPoints": 100,
      "options": {
        "colorMode": "none",
        "graphMode": "none",
        "justifyMode": "auto",
        "orientation": "horizontal",
        "reduceOptions": {
          "calcs": [
            "lastNotNull"
          ],
          "fields": "",
          "values": false
        },
        "showPercentChange": false,
        "textMode": "auto",
        "wideLayout": true
      },
      "pluginVersion": "10.3.3",
      "targets": [
        {
          "datasource": {
            "uid": "$datasource"
          },
          "expr": "process_start_time_seconds{job=\"$job\",instance=\"$instance\"}*1000",
          "format": "time_series",
          "instant": true,
          "intervalFactor": 1,
          "refId": "A"
        }
      ],
      "title": "Start Time",
      "type": "stat"
    },
    {
      "datasource": {
        "type": "prometheus",
        "uid": "$datasource"
      },
      "fieldConfig": {
        "defaults": {
          "color": {
            "mode": "thresholds"
          },
          "decimals": 0,
          "mappings": [
            {
              "options": {
                "match": "null",
                "result": {
                  "text": "N/A"
                }
              },
              "type": "special"
            }
          ],
          "thresholds": {
            "mode": "absolute",
            "steps": [
              {
                "color": "green",
                "value": null
              },
              {
                "color": "red",
                "value": 80
              }
            ]
          },
          "unit": "none",
          "unitScale": true
        },
        "overrides": []
      },
      "gridPos": {
        "h": 4,
        "w": 5,
        "x": 15,
        "y": 0
      },
      "id": 5,
      "links": [],
      "maxDataPoints": 100,
      "options": {
        "colorMode": "none",
        "graphMode": "none",
        "justifyMode": "auto",
        "orientation": "horizontal",
        "reduceOptions": {
          "calcs": [
            "lastNotNull"
          ],
          "fields": "/^version$/",
          "values": false
        },
        "showPercentChange": false,
        "textMode": "auto",
        "wideLayout": true
      },
      "pluginVersion": "10.3.3",
      "targets": [
        {
          "datasource": {
            "type": "prometheus",
            "uid": "$datasource"
          },
          "editorMode": "code",
          "exemplar": false,
          "expr": "label_join(go_info{job=\"$job\",instance=\"$instance\"}, \"version\", \"\", \"version\")",
          "format": "table",
          "hide": false,
          "instant": true,
          "range": false,
          "refId": "A"
        }
      ],
      "title": "Go Version",
      "type": "stat"
    },
    {
      "datasource": {
        "type": "prometheus",
        "uid": "c7f33001-01b7-4bee-abe7-7d65d959b6f8"
      },
      "fieldConfig": {
        "defaults": {
          "color": {
            "mode": "palette-classic"
          },
          "custom": {
            "axisBorderShow": false,
            "axisCenteredZero": false,
            "axisColorMode": "text",
            "axisLabel": "",
            "axisPlacement": "auto",
            "barAlignment": 0,
            "drawStyle": "line",
            "fillOpacity": 10,
            "gradientMode": "none",
            "hideFrom": {
              "legend": false,
              "tooltip": false,
              "viz": false
            },
            "insertNulls": false,
            "lineInterpolation": "linear",
            "lineWidth": 1,
            "pointSize": 1,
            "scaleDistribution": {
              "type": "linear"
            },
            "showPoints": "auto",
            "spanNulls": false,
            "stacking": {
              "group": "A",
              "mode": "none"
            },
            "thresholdsStyle": {
              "mode": "off"
            }
          },
          "decimals": 0,
          "displayName": "$job - $instance",
          "mappings": [],
          "max": 1,
          "min": 0,
          "thresholds": {
            "mode": "absolute",
            "steps": [
              {
                "color": "#FADE2A",
                "value": null
              }
            ]
          },
          "unitScale": true
        },
        "overrides": [
          {
            "matcher": {
              "id": "byName",
              "options": "enforcer - host.docker.internal:19080"
            },
            "properties": [
              {
                "id": "color",
                "value": {
                  "fixedColor": "yellow",
                  "mode": "fixed"
                }
              }
            ]
          },
          {
            "matcher": {
              "id": "byName",
              "options": "adapter - host.docker.internal:19085"
            },
            "properties": [
              {
                "id": "color",
                "value": {
                  "fixedColor": "yellow",
                  "mode": "fixed"
                }
              }
            ]
          }
        ]
      },
      "gridPos": {
        "h": 5,
        "w": 16,
        "x": 4,
        "y": 4
      },
      "id": 20,
      "options": {
        "legend": {
          "calcs": [],
          "displayMode": "list",
          "placement": "bottom",
          "showLegend": true
        },
        "tooltip": {
          "mode": "single",
          "sort": "none"
        }
      },
      "targets": [
        {
          "datasource": {
            "type": "prometheus",
            "uid": "c7f33001-01b7-4bee-abe7-7d65d959b6f8"
          },
          "editorMode": "code",
          "expr": "up{job=\"$job\",instance=\"$instance\"}",
          "instant": false,
          "range": true,
          "refId": "A"
        }
      ],
      "title": "Instance Up/Down",
      "type": "timeseries"
    },
    {
      "collapsed": false,
      "gridPos": {
        "h": 1,
        "w": 24,
        "x": 0,
        "y": 9
      },
      "id": 1,
      "panels": [],
      "title": "CPU & Memory",
      "type": "row"
    },
    {
      "datasource": {
        "type": "prometheus",
        "uid": "$datasource"
      },
      "description": "Number of available central processing units",
      "fieldConfig": {
        "defaults": {
          "color": {
            "mode": "thresholds"
          },
          "mappings": [
            {
              "options": {
                "match": "null",
                "result": {
                  "text": "N/A"
                }
              },
              "type": "special"
            }
          ],
          "thresholds": {
            "mode": "absolute",
            "steps": [
              {
                "color": "green",
                "value": null
              }
            ]
          },
          "unit": "none",
          "unitScale": true
        },
        "overrides": []
      },
      "gridPos": {
        "h": 4,
        "w": 4,
        "x": 5,
        "y": 10
      },
      "id": 6,
      "interval": "",
      "links": [],
      "maxDataPoints": 100,
      "options": {
        "colorMode": "none",
        "graphMode": "none",
        "justifyMode": "auto",
        "orientation": "horizontal",
        "reduceOptions": {
          "calcs": [
            "lastNotNull"
          ],
          "fields": "",
          "values": false
        },
        "showPercentChange": false,
        "textMode": "auto",
        "wideLayout": true
      },
      "pluginVersion": "10.3.3",
      "targets": [
        {
          "datasource": {
            "uid": "$datasource"
          },
          "editorMode": "code",
          "expr": "os_available_cpu_total{job=\"$job\",instance=\"$instance\"}",
          "format": "time_series",
          "instant": true,
          "intervalFactor": 1,
          "refId": "A"
        }
      ],
      "title": "Available CPUs",
      "type": "stat"
    },
    {
      "datasource": {
        "type": "prometheus",
        "uid": "$datasource"
      },
      "description": "This represents the amount of memory of free physical memory in the host (free = total – (used + shared + cached + buffered))",
      "fieldConfig": {
        "defaults": {
          "color": {
            "mode": "thresholds"
          },
          "mappings": [
            {
              "options": {
                "match": "null",
                "result": {
                  "text": "N/A"
                }
              },
              "type": "special"
            }
          ],
          "thresholds": {
            "mode": "absolute",
            "steps": [
              {
                "color": "green",
                "value": null
              }
            ]
          },
          "unit": "decbytes",
          "unitScale": true
        },
        "overrides": []
      },
      "gridPos": {
        "h": 4,
        "w": 4,
        "x": 9,
        "y": 10
      },
      "id": 7,
      "links": [],
      "maxDataPoints": 100,
      "options": {
        "colorMode": "none",
        "graphMode": "none",
        "justifyMode": "auto",
        "orientation": "horizontal",
        "reduceOptions": {
          "calcs": [
            "mean"
          ],
          "fields": "",
          "values": false
        },
        "showPercentChange": false,
        "textMode": "auto",
        "wideLayout": true
      },
      "pluginVersion": "10.3.3",
      "targets": [
        {
          "datasource": {
            "uid": "$datasource"
          },
          "editorMode": "code",
          "expr": "os_free_physical_memory_bytes{job=\"$job\",instance=\"$instance\"}",
          "format": "time_series",
          "instant": true,
          "intervalFactor": 1,
          "refId": "A"
        }
      ],
      "title": "Free Memory",
      "type": "stat"
    },
    {
      "datasource": {
        "type": "prometheus",
        "uid": "$datasource"
      },
      "description": "Represents the current load of CPU in the host system in last minute.",
      "fieldConfig": {
        "defaults": {
          "color": {
            "mode": "thresholds"
          },
          "mappings": [
            {
              "options": {
                "match": "null",
                "result": {
                  "text": "N/A"
                }
              },
              "type": "special"
            }
          ],
          "thresholds": {
            "mode": "absolute",
            "steps": [
              {
                "color": "green",
                "value": null
              }
            ]
          },
          "unit": "none",
          "unitScale": true
        },
        "overrides": []
      },
      "gridPos": {
        "h": 4,
        "w": 5,
        "x": 13,
        "y": 10
      },
      "id": 9,
      "links": [],
      "maxDataPoints": 100,
      "options": {
        "colorMode": "none",
        "graphMode": "none",
        "justifyMode": "auto",
        "orientation": "horizontal",
        "reduceOptions": {
          "calcs": [
            "mean"
          ],
          "fields": "",
          "values": false
        },
        "showPercentChange": false,
        "textMode": "auto",
        "wideLayout": true
      },
      "pluginVersion": "10.3.3",
      "targets": [
        {
          "datasource": {
            "uid": "$datasource"
          },
          "editorMode": "code",
          "expr": "os_system_load_average{job=\"$job\",instance=\"$instance\", duration=\"1m\"}",
          "format": "time_series",
          "instant": true,
          "intervalFactor": 1,
          "refId": "A"
        }
      ],
      "title": "System Load Average [1 Min]",
      "type": "stat"
    },
    {
      "datasource": {
        "type": "prometheus",
        "uid": "$datasource"
      },
      "description": "Represents the CPU load in this process",
      "fieldConfig": {
        "defaults": {
          "color": {
            "mode": "palette-classic"
          },
          "custom": {
            "axisBorderShow": false,
            "axisCenteredZero": false,
            "axisColorMode": "text",
            "axisLabel": "",
            "axisPlacement": "auto",
            "barAlignment": 0,
            "drawStyle": "line",
            "fillOpacity": 10,
            "gradientMode": "none",
            "hideFrom": {
              "legend": false,
              "tooltip": false,
              "viz": false
            },
            "insertNulls": false,
            "lineInterpolation": "linear",
            "lineWidth": 1,
            "pointSize": 5,
            "scaleDistribution": {
              "type": "linear"
            },
            "showPoints": "never",
            "spanNulls": false,
            "stacking": {
              "group": "A",
              "mode": "none"
            },
            "thresholdsStyle": {
              "mode": "off"
            }
          },
          "mappings": [],
          "thresholds": {
            "mode": "absolute",
            "steps": [
              {
                "color": "green",
                "value": null
              },
              {
                "color": "red",
                "value": 80
              }
            ]
          },
          "unit": "percent",
          "unitScale": true
        },
        "overrides": []
      },
      "gridPos": {
        "h": 8,
        "w": 12,
        "x": 0,
        "y": 14
      },
      "id": 10,
      "links": [],
      "options": {
        "legend": {
          "calcs": [
            "lastNotNull",
            "max"
          ],
          "displayMode": "table",
          "placement": "bottom",
          "showLegend": true
        },
        "tooltip": {
          "mode": "multi",
          "sort": "none"
        }
      },
      "pluginVersion": "10.0.3",
      "targets": [
        {
          "datasource": {
            "uid": "$datasource"
          },
          "editorMode": "code",
          "expr": "os_system_cpu_load_percentage{job=\"$job\",instance=\"$instance\"}",
          "format": "time_series",
          "intervalFactor": 1,
          "legendFormat": "System",
          "range": true,
          "refId": "B"
        }
      ],
      "title": "CPU Load",
      "type": "timeseries"
    },
    {
      "datasource": {
        "type": "prometheus",
        "uid": "c7f33001-01b7-4bee-abe7-7d65d959b6f8"
      },
      "description": "Represents the current load of CPU in the host system for the last 'x' minutes.",
      "fieldConfig": {
        "defaults": {
          "color": {
            "mode": "palette-classic"
          },
          "custom": {
            "axisBorderShow": false,
            "axisCenteredZero": false,
            "axisColorMode": "text",
            "axisLabel": "",
            "axisPlacement": "auto",
            "barAlignment": 0,
            "drawStyle": "line",
            "fillOpacity": 10,
            "gradientMode": "none",
            "hideFrom": {
              "legend": false,
              "tooltip": false,
              "viz": false
            },
            "insertNulls": false,
            "lineInterpolation": "linear",
            "lineWidth": 1,
            "pointSize": 1,
            "scaleDistribution": {
              "type": "linear"
            },
            "showPoints": "auto",
            "spanNulls": false,
            "stacking": {
              "group": "A",
              "mode": "none"
            },
            "thresholdsStyle": {
              "mode": "off"
            }
          },
          "mappings": [],
          "thresholds": {
            "mode": "absolute",
            "steps": [
              {
                "color": "green",
                "value": null
              },
              {
                "color": "red",
                "value": 80
              }
            ]
          },
          "unitScale": true
        },
        "overrides": []
      },
      "gridPos": {
        "h": 8,
        "w": 12,
        "x": 12,
        "y": 14
      },
      "id": 23,
      "options": {
        "legend": {
          "calcs": [
            "lastNotNull",
            "mean",
            "max",
            "min"
          ],
          "displayMode": "table",
          "placement": "bottom",
          "showLegend": true
        },
        "tooltip": {
          "mode": "single",
          "sort": "none"
        }
      },
      "targets": [
        {
          "datasource": {
            "type": "prometheus",
            "uid": "c7f33001-01b7-4bee-abe7-7d65d959b6f8"
          },
          "editorMode": "code",
          "expr": "os_system_load_average{job=\"$job\",instance=\"$instance\"}",
          "instant": false,
          "legendFormat": "Load Avg [{{duration}}]",
          "range": true,
          "refId": "A"
        }
      ],
      "title": "System Load Average",
      "type": "timeseries"
    },
    {
      "datasource": {
        "type": "prometheus",
        "uid": "c7f33001-01b7-4bee-abe7-7d65d959b6f8"
      },
      "description": "Percentage memory usage of the system",
      "fieldConfig": {
        "defaults": {
          "color": {
            "mode": "palette-classic"
          },
          "custom": {
            "axisBorderShow": false,
            "axisCenteredZero": false,
            "axisColorMode": "text",
            "axisLabel": "",
            "axisPlacement": "auto",
            "barAlignment": 0,
            "drawStyle": "line",
            "fillOpacity": 10,
            "gradientMode": "none",
            "hideFrom": {
              "legend": false,
              "tooltip": false,
              "viz": false
            },
            "insertNulls": false,
            "lineInterpolation": "linear",
            "lineWidth": 1,
            "pointSize": 5,
            "scaleDistribution": {
              "type": "linear"
            },
            "showPoints": "never",
            "spanNulls": false,
            "stacking": {
              "group": "A",
              "mode": "none"
            },
            "thresholdsStyle": {
              "mode": "off"
            }
          },
          "links": [],
          "mappings": [],
          "thresholds": {
            "mode": "absolute",
            "steps": [
              {
                "color": "green"
              },
              {
                "color": "red",
                "value": 80
              }
            ]
          },
          "unit": "percent",
          "unitScale": true
        },
        "overrides": []
      },
      "gridPos": {
        "h": 7,
        "w": 20,
        "x": 2,
        "y": 22
      },
      "id": 11,
      "links": [],
      "options": {
        "legend": {
          "calcs": [
            "lastNotNull",
            "mean",
            "min",
            "max"
          ],
          "displayMode": "table",
          "placement": "bottom",
          "showLegend": true
        },
        "tooltip": {
          "mode": "multi",
          "sort": "none"
        }
      },
      "pluginVersion": "10.0.3",
      "targets": [
        {
          "datasource": {
            "type": "prometheus",
            "uid": "c7f33001-01b7-4bee-abe7-7d65d959b6f8"
          },
          "editorMode": "code",
          "expr": "(os_used_virtual_memory_bytes{job=\"$job\", instance=\"$instance\"} / os_total_virtual_memory_bytes{job=\"$job\", instance=\"$instance\"}) * 100",
          "format": "time_series",
          "intervalFactor": 1,
          "legendFormat": "Usage %",
          "range": true,
          "refId": "A"
        }
      ],
      "title": "Memory Usage",
      "type": "timeseries"
    },
    {
      "datasource": {
        "type": "prometheus",
        "uid": "c7f33001-01b7-4bee-abe7-7d65d959b6f8"
      },
      "description": "",
      "fieldConfig": {
        "defaults": {
          "color": {
            "mode": "palette-classic"
          },
          "custom": {
            "axisCenteredZero": false,
            "axisColorMode": "text",
            "axisLabel": "",
            "axisPlacement": "auto",
            "barAlignment": 0,
            "drawStyle": "line",
            "fillOpacity": 10,
            "gradientMode": "none",
            "hideFrom": {
              "legend": false,
              "tooltip": false,
              "viz": false
            },
            "lineInterpolation": "linear",
            "lineWidth": 1,
            "pointSize": 5,
            "scaleDistribution": {
              "type": "linear"
            },
            "showPoints": "never",
            "spanNulls": false,
            "stacking": {
              "group": "A",
              "mode": "none"
            },
            "thresholdsStyle": {
              "mode": "off"
            }
          },
          "links": [],
          "mappings": [],
          "thresholds": {
            "mode": "absolute",
            "steps": [
              {
                "color": "green"
              },
              {
                "color": "red",
                "value": 80
              }
            ]
          },
          "unit": "decbytes"
        },
        "overrides": []
      },
      "gridPos": {
        "h": 8,
        "w": 12,
        "x": 0,
        "y": 29
      },
      "id": 12,
      "links": [],
      "options": {
        "legend": {
          "calcs": [],
          "displayMode": "list",
          "placement": "bottom",
          "showLegend": true
        },
        "tooltip": {
          "mode": "multi",
          "sort": "none"
        }
      },
      "pluginVersion": "10.0.3",
      "targets": [
        {
          "datasource": {
            "type": "prometheus",
            "uid": "c7f33001-01b7-4bee-abe7-7d65d959b6f8"
          },
          "editorMode": "code",
          "expr": "go_memstats_mspan_inuse_bytes{job=\"$job\", instance=\"$instance\"}",
          "format": "time_series",
          "intervalFactor": 1,
          "legendFormat": "Mspan Inuse",
          "range": true,
          "refId": "A"
        },
        {
          "datasource": {
            "type": "prometheus",
            "uid": "c7f33001-01b7-4bee-abe7-7d65d959b6f8"
          },
          "editorMode": "builder",
          "expr": "go_memstats_mspan_sys_bytes{job=\"$job\", instance=\"$instance\"}",
          "format": "time_series",
          "intervalFactor": 1,
          "legendFormat": "Mspan System",
          "range": true,
          "refId": "B"
        },
        {
          "datasource": {
            "type": "prometheus",
            "uid": "c7f33001-01b7-4bee-abe7-7d65d959b6f8"
          },
          "editorMode": "builder",
          "expr": "go_memstats_mcache_inuse_bytes{job=\"$job\", instance=\"$instance\"}",
          "format": "time_series",
          "intervalFactor": 1,
          "legendFormat": "Mcache Inuse",
          "range": true,
          "refId": "C"
        },
        {
          "datasource": {
            "type": "prometheus",
            "uid": "c7f33001-01b7-4bee-abe7-7d65d959b6f8"
          },
          "editorMode": "code",
          "expr": "go_memstats_mcache_sys_bytes{job=\"$job\", instance=\"$instance\"}",
          "format": "time_series",
          "intervalFactor": 1,
          "legendFormat": "Mcache System",
          "range": true,
          "refId": "D"
        },
        {
          "datasource": {
            "type": "prometheus",
            "uid": "c7f33001-01b7-4bee-abe7-7d65d959b6f8"
          },
          "editorMode": "builder",
          "expr": "go_memstats_buck_hash_sys_bytes{job=\"$job\", instance=\"$instance\"}",
          "format": "time_series",
          "intervalFactor": 1,
          "legendFormat": "Bucket Hash System",
          "range": true,
          "refId": "E"
        },
        {
          "datasource": {
            "type": "prometheus",
            "uid": "c7f33001-01b7-4bee-abe7-7d65d959b6f8"
          },
          "editorMode": "builder",
          "expr": "go_memstats_gc_sys_bytes{job=\"$job\", instance=\"$instance\"}",
          "format": "time_series",
          "intervalFactor": 1,
          "legendFormat": "GC System",
          "range": true,
          "refId": "F"
        },
        {
          "datasource": {
            "type": "prometheus",
            "uid": "c7f33001-01b7-4bee-abe7-7d65d959b6f8"
          },
          "editorMode": "code",
          "expr": "go_memstats_other_sys_bytes{job=\"$job\", instance=\"$instance\"}",
          "format": "time_series",
          "intervalFactor": 1,
          "legendFormat": "Other Runtime Allocations",
          "range": true,
          "refId": "G"
        }
      ],
      "title": "Memory in Off-Heap",
      "type": "timeseries"
    },
    {
      "datasource": {
        "type": "prometheus",
        "uid": "c7f33001-01b7-4bee-abe7-7d65d959b6f8"
      },
      "fieldConfig": {
        "defaults": {
          "color": {
            "mode": "palette-classic"
          },
          "custom": {
            "axisCenteredZero": false,
            "axisColorMode": "text",
            "axisLabel": "",
            "axisPlacement": "auto",
            "barAlignment": 0,
            "drawStyle": "line",
            "fillOpacity": 10,
            "gradientMode": "none",
            "hideFrom": {
              "legend": false,
              "tooltip": false,
              "viz": false
            },
            "lineInterpolation": "linear",
            "lineWidth": 1,
            "pointSize": 5,
            "scaleDistribution": {
              "type": "linear"
            },
            "showPoints": "never",
            "spanNulls": false,
            "stacking": {
              "group": "A",
              "mode": "none"
            },
            "thresholdsStyle": {
              "mode": "off"
            }
          },
          "links": [],
          "mappings": [],
          "thresholds": {
            "mode": "absolute",
            "steps": [
              {
                "color": "green"
              },
              {
                "color": "red",
                "value": 80
              }
            ]
          },
          "unit": "decbytes"
        },
        "overrides": []
      },
      "gridPos": {
        "h": 8,
        "w": 12,
        "x": 12,
        "y": 29
      },
      "id": 13,
      "links": [],
      "options": {
        "legend": {
          "calcs": [],
          "displayMode": "list",
          "placement": "bottom",
          "showLegend": true
        },
        "tooltip": {
          "mode": "multi",
          "sort": "none"
        }
      },
      "pluginVersion": "10.0.3",
      "targets": [
        {
          "datasource": {
            "type": "prometheus",
            "uid": "c7f33001-01b7-4bee-abe7-7d65d959b6f8"
          },
          "editorMode": "code",
          "expr": "go_memstats_heap_alloc_bytes{job=\"$job\", instance=\"$instance\"}",
          "format": "time_series",
          "intervalFactor": 1,
          "legendFormat": "Heap Allocated",
          "range": true,
          "refId": "B"
        },
        {
          "datasource": {
            "type": "prometheus",
            "uid": "c7f33001-01b7-4bee-abe7-7d65d959b6f8"
          },
          "editorMode": "code",
          "expr": "go_memstats_heap_sys_bytes{job=\"$job\", instance=\"$instance\"}",
          "format": "time_series",
          "intervalFactor": 1,
          "legendFormat": "Heap System",
          "range": true,
          "refId": "A"
        },
        {
          "datasource": {
            "type": "prometheus",
            "uid": "c7f33001-01b7-4bee-abe7-7d65d959b6f8"
          },
          "editorMode": "code",
          "expr": "go_memstats_heap_idle_bytes{job=\"$job\", instance=\"$instance\"}",
          "format": "time_series",
          "intervalFactor": 1,
          "legendFormat": "Heap Idle",
          "range": true,
          "refId": "C"
        },
        {
          "datasource": {
            "type": "prometheus",
            "uid": "c7f33001-01b7-4bee-abe7-7d65d959b6f8"
          },
          "editorMode": "code",
          "expr": "go_memstats_heap_inuse_bytes{job=\"$job\", instance=\"$instance\"}",
          "format": "time_series",
          "intervalFactor": 1,
          "legendFormat": "Heap Inuse",
          "range": true,
          "refId": "D"
        },
        {
          "datasource": {
            "type": "prometheus",
            "uid": "c7f33001-01b7-4bee-abe7-7d65d959b6f8"
          },
          "editorMode": "code",
          "expr": "go_memstats_heap_released_bytes{job=\"$job\", instance=\"$instance\"}",
          "format": "time_series",
          "intervalFactor": 1,
          "legendFormat": "Heap Released",
          "range": true,
          "refId": "E"
        }
      ],
      "title": "Memory in Heap",
      "type": "timeseries"
    },
    {
      "datasource": {
        "type": "prometheus",
        "uid": "c7f33001-01b7-4bee-abe7-7d65d959b6f8"
      },
      "fieldConfig": {
        "defaults": {
          "color": {
            "mode": "palette-classic"
          },
          "custom": {
            "axisCenteredZero": false,
            "axisColorMode": "text",
            "axisLabel": "",
            "axisPlacement": "auto",
            "barAlignment": 0,
            "drawStyle": "line",
            "fillOpacity": 10,
            "gradientMode": "none",
            "hideFrom": {
              "legend": false,
              "tooltip": false,
              "viz": false
            },
            "lineInterpolation": "linear",
            "lineWidth": 1,
            "pointSize": 5,
            "scaleDistribution": {
              "type": "linear"
            },
            "showPoints": "never",
            "spanNulls": false,
            "stacking": {
              "group": "A",
              "mode": "none"
            },
            "thresholdsStyle": {
              "mode": "off"
            }
          },
          "links": [],
          "mappings": [],
          "thresholds": {
            "mode": "absolute",
            "steps": [
              {
                "color": "green"
              },
              {
                "color": "red",
                "value": 80
              }
            ]
          },
          "unit": "decbytes"
        },
        "overrides": []
      },
      "gridPos": {
        "h": 8,
        "w": 12,
        "x": 0,
        "y": 37
      },
      "id": 14,
      "links": [],
      "options": {
        "legend": {
          "calcs": [],
          "displayMode": "list",
          "placement": "bottom",
          "showLegend": true
        },
        "tooltip": {
          "mode": "multi",
          "sort": "none"
        }
      },
      "pluginVersion": "10.0.3",
      "targets": [
        {
          "datasource": {
            "type": "prometheus",
            "uid": "c7f33001-01b7-4bee-abe7-7d65d959b6f8"
          },
          "editorMode": "code",
          "expr": "go_memstats_stack_inuse_bytes{job=\"$job\", instance=\"$instance\"}",
          "format": "time_series",
          "intervalFactor": 1,
          "legendFormat": "Stack Inuse",
          "range": true,
          "refId": "A"
        },
        {
          "datasource": {
            "type": "prometheus",
            "uid": "c7f33001-01b7-4bee-abe7-7d65d959b6f8"
          },
          "editorMode": "code",
          "expr": "go_memstats_stack_sys_bytes{job=\"$job\", instance=\"$instance\"}",
          "format": "time_series",
          "intervalFactor": 1,
          "legendFormat": "Stack System",
          "range": true,
          "refId": "B"
        }
      ],
      "title": "Memory in Stack",
      "type": "timeseries"
    },
    {
      "datasource": {
        "type": "prometheus",
        "uid": "c7f33001-01b7-4bee-abe7-7d65d959b6f8"
      },
      "fieldConfig": {
        "defaults": {
          "color": {
            "mode": "palette-classic"
          },
          "custom": {
            "axisCenteredZero": false,
            "axisColorMode": "text",
            "axisLabel": "",
            "axisPlacement": "auto",
            "barAlignment": 0,
            "drawStyle": "line",
            "fillOpacity": 10,
            "gradientMode": "none",
            "hideFrom": {
              "legend": false,
              "tooltip": false,
              "viz": false
            },
            "lineInterpolation": "linear",
            "lineWidth": 1,
            "pointSize": 1,
            "scaleDistribution": {
              "type": "linear"
            },
            "showPoints": "always",
            "spanNulls": false,
            "stacking": {
              "group": "A",
              "mode": "none"
            },
            "thresholdsStyle": {
              "mode": "off"
            }
          },
          "links": [],
          "mappings": [],
          "thresholds": {
            "mode": "absolute",
            "steps": [
              {
                "color": "green"
              },
              {
                "color": "red",
                "value": 80
              }
            ]
          },
          "unit": "Bps"
        },
        "overrides": []
      },
      "gridPos": {
        "h": 8,
        "w": 12,
        "x": 12,
        "y": 37
      },
      "id": 18,
      "links": [],
      "options": {
        "legend": {
          "calcs": [],
          "displayMode": "list",
          "placement": "bottom",
          "showLegend": true
        },
        "tooltip": {
          "mode": "multi",
          "sort": "none"
        }
      },
      "pluginVersion": "10.0.3",
      "targets": [
        {
          "datasource": {
            "type": "prometheus",
            "uid": "c7f33001-01b7-4bee-abe7-7d65d959b6f8"
          },
          "editorMode": "code",
          "expr": "rate(go_memstats_alloc_bytes_total{job=\"$job\", instance=\"$instance\"}[1m])",
          "format": "time_series",
          "intervalFactor": 1,
          "legendFormat": "Memory Allocation Rate",
          "range": true,
          "refId": "A"
        }
      ],
      "title": "Memory Allocation Rate",
      "type": "timeseries"
    },
    {
      "collapsed": false,
      "gridPos": {
        "h": 1,
        "w": 24,
        "x": 0,
        "y": 45
      },
      "id": 22,
      "panels": [],
      "title": "Other",
      "type": "row"
    },
    {
      "datasource": {
        "type": "prometheus",
        "uid": "c7f33001-01b7-4bee-abe7-7d65d959b6f8"
      },
      "fieldConfig": {
        "defaults": {
          "color": {
            "mode": "palette-classic"
          },
          "custom": {
            "axisCenteredZero": false,
            "axisColorMode": "text",
            "axisLabel": "",
            "axisPlacement": "auto",
            "barAlignment": 0,
            "drawStyle": "line",
            "fillOpacity": 10,
            "gradientMode": "none",
            "hideFrom": {
              "legend": false,
              "tooltip": false,
              "viz": false
            },
            "lineInterpolation": "linear",
            "lineWidth": 1,
            "pointSize": 5,
            "scaleDistribution": {
              "type": "linear"
            },
            "showPoints": "never",
            "spanNulls": false,
            "stacking": {
              "group": "A",
              "mode": "none"
            },
            "thresholdsStyle": {
              "mode": "off"
            }
          },
          "links": [],
          "mappings": [],
          "thresholds": {
            "mode": "absolute",
            "steps": [
              {
                "color": "green"
              },
              {
                "color": "red",
                "value": 80
              }
            ]
          },
          "unit": "short"
        },
        "overrides": []
      },
      "gridPos": {
        "h": 8,
        "w": 12,
        "x": 0,
        "y": 46
      },
      "id": 15,
      "links": [],
      "options": {
        "legend": {
          "calcs": [],
          "displayMode": "list",
          "placement": "bottom",
          "showLegend": true
        },
        "tooltip": {
          "mode": "multi",
          "sort": "none"
        }
      },
      "pluginVersion": "10.0.3",
      "targets": [
        {
          "datasource": {
            "type": "prometheus",
            "uid": "c7f33001-01b7-4bee-abe7-7d65d959b6f8"
          },
          "editorMode": "code",
          "expr": "go_memstats_mallocs_total{job=\"$job\",instance=\"$instance\"} - go_memstats_frees_total{job=\"$job\",instance=\"$instance\"}",
          "format": "time_series",
          "intervalFactor": 1,
          "legendFormat": "Live Objects",
          "range": true,
          "refId": "A"
        }
      ],
      "title": "Number of Live Objects",
      "type": "timeseries"
    },
    {
      "datasource": {
        "type": "prometheus",
        "uid": "c7f33001-01b7-4bee-abe7-7d65d959b6f8"
      },
      "description": "Rate of number of allocations",
      "fieldConfig": {
        "defaults": {
          "color": {
            "mode": "palette-classic"
          },
          "custom": {
            "axisCenteredZero": false,
            "axisColorMode": "text",
            "axisLabel": "",
            "axisPlacement": "auto",
            "barAlignment": 0,
            "drawStyle": "line",
            "fillOpacity": 10,
            "gradientMode": "none",
            "hideFrom": {
              "legend": false,
              "tooltip": false,
              "viz": false
            },
            "lineInterpolation": "linear",
            "lineWidth": 1,
            "pointSize": 5,
            "scaleDistribution": {
              "type": "linear"
            },
            "showPoints": "never",
            "spanNulls": false,
            "stacking": {
              "group": "A",
              "mode": "none"
            },
            "thresholdsStyle": {
              "mode": "off"
            }
          },
          "links": [],
          "mappings": [],
          "thresholds": {
            "mode": "absolute",
            "steps": [
              {
                "color": "green"
              },
              {
                "color": "red",
                "value": 80
              }
            ]
          },
          "unit": "short"
        },
        "overrides": []
      },
      "gridPos": {
        "h": 8,
        "w": 12,
        "x": 12,
        "y": 46
      },
      "id": 16,
      "links": [],
      "options": {
        "legend": {
          "calcs": [],
          "displayMode": "list",
          "placement": "bottom",
          "showLegend": true
        },
        "tooltip": {
          "mode": "multi",
          "sort": "none"
        }
      },
      "pluginVersion": "10.0.3",
      "targets": [
        {
          "datasource": {
            "type": "prometheus",
            "uid": "c7f33001-01b7-4bee-abe7-7d65d959b6f8"
          },
          "editorMode": "code",
          "expr": "rate(go_memstats_mallocs_total{job=\"$job\",instance=\"$instance\"}[1m])",
          "format": "time_series",
          "intervalFactor": 1,
          "legendFormat": "Rate of Objects Allocated",
          "range": true,
          "refId": "A"
        }
      ],
      "title": "Rate of Objects Allocated",
      "type": "timeseries"
    },
    {
      "datasource": {
        "type": "prometheus",
        "uid": "c7f33001-01b7-4bee-abe7-7d65d959b6f8"
      },
      "fieldConfig": {
        "defaults": {
          "color": {
            "mode": "palette-classic"
          },
          "custom": {
            "axisCenteredZero": false,
            "axisColorMode": "text",
            "axisLabel": "",
            "axisPlacement": "auto",
            "barAlignment": 0,
            "drawStyle": "line",
            "fillOpacity": 10,
            "gradientMode": "none",
            "hideFrom": {
              "legend": false,
              "tooltip": false,
              "viz": false
            },
            "lineInterpolation": "linear",
            "lineWidth": 1,
            "pointSize": 5,
            "scaleDistribution": {
              "type": "linear"
            },
            "showPoints": "never",
            "spanNulls": false,
            "stacking": {
              "group": "A",
              "mode": "none"
            },
            "thresholdsStyle": {
              "mode": "off"
            }
          },
          "decimals": 0,
          "links": [],
          "mappings": [],
          "thresholds": {
            "mode": "absolute",
            "steps": [
              {
                "color": "green"
              },
              {
                "color": "red",
                "value": 80
              }
            ]
          },
          "unit": "short"
        },
        "overrides": []
      },
      "gridPos": {
        "h": 8,
        "w": 12,
        "x": 0,
        "y": 54
      },
      "id": 17,
      "links": [],
      "options": {
        "legend": {
          "calcs": [],
          "displayMode": "list",
          "placement": "bottom",
          "showLegend": true
        },
        "tooltip": {
          "mode": "multi",
          "sort": "none"
        }
      },
      "pluginVersion": "10.0.3",
      "targets": [
        {
          "datasource": {
            "type": "prometheus",
            "uid": "c7f33001-01b7-4bee-abe7-7d65d959b6f8"
          },
          "editorMode": "code",
          "expr": "go_goroutines{job=\"$job\",instance=\"$instance\"}",
          "format": "time_series",
          "intervalFactor": 1,
          "legendFormat": "Goroutines",
          "range": true,
          "refId": "A"
        }
      ],
      "title": "Number of Goroutines",
      "type": "timeseries"
    },
    {
      "datasource": {
        "type": "prometheus",
        "uid": "c7f33001-01b7-4bee-abe7-7d65d959b6f8"
      },
      "fieldConfig": {
        "defaults": {
          "color": {
            "mode": "palette-classic"
          },
          "custom": {
            "axisCenteredZero": false,
            "axisColorMode": "text",
            "axisLabel": "",
            "axisPlacement": "auto",
            "barAlignment": 0,
            "drawStyle": "line",
            "fillOpacity": 10,
            "gradientMode": "none",
            "hideFrom": {
              "legend": false,
              "tooltip": false,
              "viz": false
            },
            "lineInterpolation": "linear",
            "lineWidth": 1,
            "pointSize": 5,
            "scaleDistribution": {
              "type": "linear"
            },
            "showPoints": "never",
            "spanNulls": false,
            "stacking": {
              "group": "A",
              "mode": "none"
            },
            "thresholdsStyle": {
              "mode": "off"
            }
          },
          "links": [],
          "mappings": [],
          "thresholds": {
            "mode": "absolute",
            "steps": [
              {
                "color": "green"
              },
              {
                "color": "red",
                "value": 80
              }
            ]
          },
          "unit": "ms"
        },
        "overrides": []
      },
      "gridPos": {
        "h": 8,
        "w": 12,
        "x": 12,
        "y": 54
      },
      "id": 19,
      "links": [],
      "options": {
        "legend": {
          "calcs": [],
          "displayMode": "list",
          "placement": "bottom",
          "showLegend": true
        },
        "tooltip": {
          "mode": "multi",
          "sort": "none"
        }
      },
      "pluginVersion": "10.0.3",
      "targets": [
        {
          "datasource": {
            "type": "prometheus",
            "uid": "c7f33001-01b7-4bee-abe7-7d65d959b6f8"
          },
          "editorMode": "builder",
          "exemplar": false,
          "expr": "go_gc_duration_seconds{job=\"$job\", instance=\"$instance\"}",
          "format": "time_series",
          "intervalFactor": 1,
          "legendFormat": "quantile={{quantile}}",
          "range": true,
          "refId": "A"
        }
      ],
      "title": "Garbage Collection Duration Quantiles",
      "type": "timeseries"
    },
    {
      "datasource": {
        "type": "prometheus",
        "uid": "c7f33001-01b7-4bee-abe7-7d65d959b6f8"
      },
      "description": "",
      "fieldConfig": {
        "defaults": {
          "color": {
            "mode": "palette-classic"
          },
          "custom": {
            "axisCenteredZero": false,
            "axisColorMode": "text",
            "axisLabel": "",
            "axisPlacement": "auto",
            "barAlignment": 0,
            "drawStyle": "line",
            "fillOpacity": 10,
            "gradientMode": "none",
            "hideFrom": {
              "legend": false,
              "tooltip": false,
              "viz": false
            },
            "lineInterpolation": "linear",
            "lineWidth": 1,
            "pointSize": 1,
            "scaleDistribution": {
              "type": "linear"
            },
            "showPoints": "auto",
            "spanNulls": false,
            "stacking": {
              "group": "A",
              "mode": "none"
            },
            "thresholdsStyle": {
              "mode": "off"
            }
          },
          "decimals": 0,
          "displayName": "Open FDs",
          "mappings": [],
          "thresholds": {
            "mode": "absolute",
            "steps": [
              {
                "color": "green"
              },
              {
                "color": "red",
                "value": 80
              }
            ]
          },
          "unit": "none"
        },
        "overrides": []
      },
      "gridPos": {
        "h": 8,
        "w": 12,
        "x": 5,
        "y": 62
      },
      "id": 21,
      "options": {
        "legend": {
          "calcs": [],
          "displayMode": "list",
          "placement": "bottom",
          "showLegend": true
        },
        "tooltip": {
          "mode": "single",
          "sort": "none"
        }
      },
      "targets": [
        {
          "datasource": {
            "type": "prometheus",
            "uid": "c7f33001-01b7-4bee-abe7-7d65d959b6f8"
          },
          "editorMode": "code",
          "expr": "process_open_fds{job=\"$job\",instance=\"$instance\"}",
          "instant": false,
          "range": true,
          "refId": "A"
        }
      ],
      "title": "Open File Descriptors",
      "type": "timeseries"
    }
  ],
  "refresh": "5s",
  "schemaVersion": 39,
  "tags": [
    "Prometheus",
    "Go",
    "APK"
  ],
  "templating": {
    "list": [
      {
        "current": {
          "selected": false,
          "text": "Prometheus",
          "value": "c7f33001-01b7-4bee-abe7-7d65d959b6f8"
        },
        "hide": 0,
        "includeAll": false,
        "label": "datasource",
        "multi": false,
        "name": "datasource",
        "options": [],
        "query": "prometheus",
        "refresh": 1,
        "regex": "",
        "skipUrlSync": false,
        "type": "datasource"
      },
      {
        "current": {
          "selected": false,
          "text": "common-controller",
          "value": "common-controller"
        },
        "hide": 0,
        "name": "job",
        "options": [
          {
            "selected": true,
            "text": "common-controller",
            "value": "common-controller"
          }
        ],
        "query": "common-controller",
        "skipUrlSync": false,
        "type": "textbox"
      },
      {
        "current": {
          "selected": false,
          "text": "localhost:18009",
          "value": "localhost:18009"
        },
        "datasource": {
          "type": "prometheus",
          "uid": "c7f33001-01b7-4bee-abe7-7d65d959b6f8"
        },
        "definition": "label_values(go_info{job=\"$job\"},instance)",
        "hide": 0,
        "includeAll": false,
        "multi": false,
        "name": "instance",
        "options": [],
        "query": {
          "query": "label_values(go_info{job=\"$job\"},instance)",
          "refId": "PrometheusVariableQueryEditor-VariableQuery"
        },
        "refresh": 1,
        "regex": "",
        "skipUrlSync": false,
        "sort": 0,
        "type": "query"
      }
    ]
  },
  "time": {
    "from": "now-30m",
    "to": "now"
  },
  "timepicker": {},
  "timezone": "",
  "title": "APK Common Controller",
  "uid": "db71d79c-7a5f-4edb-b907-36a97033b164",
  "version": 8,
  "weekStart": ""
}